record_id,taxonomy_label,frame_idx,timestamp_sec,nearest_keyframe_idx,nearest_keyframe_path,nearest_keyframe_time_delta_sec,cutout_path,source_box_path,raw_crop_path,analysis_path,crop_width,crop_height,aspect_ratio,alpha_coverage_ratio,raw_mean_r,raw_mean_g,raw_mean_b,raw_brightness,analysis_std_r,analysis_std_g,analysis_std_b,duration_bucket
edge_condition_07084,edge_condition,7084,236.369,7076,output/keyframes/frame_236102.jpg,0.267,output/final_results/edge_condition_07084_A_cutout.png,output/final_results/edge_condition_07084_B_source_box.jpg,output/final_results/edge_condition_07084_C_raw_crop.jpg,output/final_results/edge_condition_07084_D_analysis.jpg,1440,1080,1.3333333333333333,0.25472543724279834,98.52125643004115,93.07585969650206,89.86918209876544,93.82209940843622,71.67764043118606,73.34656200439439,68.05141134561555,segment_1
edge_condition_07154,edge_condition,7154,238.705,7163,output/keyframes/frame_239005.jpg,0.3,output/final_results/edge_condition_07154_A_cutout.png,output/final_results/edge_condition_07154_B_source_box.jpg,output/final_results/edge_condition_07154_C_raw_crop.jpg,output/final_results/edge_condition_07154_D_analysis.jpg,829,1012,0.8191699604743083,0.47693659201762206,150.58305043935977,129.52725317898128,114.5720032707629,131.56076896303466,77.79596305162559,78.62009454689469,75.55773846695519,segment_1
sloped_platform_07154,sloped_platform,7154,238.705,7163,output/keyframes/frame_239005.jpg,0.3,output/final_results/sloped_platform_07154_A_cutout.png,output/final_results/sloped_platform_07154_B_source_box.jpg,output/final_results/sloped_platform_07154_C_raw_crop.jpg,output/final_results/sloped_platform_07154_D_analysis.jpg,1920,920,2.0869565217391304,0.42093580163043476,155.69229279891303,133.1774615036232,112.87335767663043,133.9143706597222,72.70430894135976,63.50263781110615,58.65939739213091,segment_1
edge_condition_07168,edge_condition,7168,239.172,7163,output/keyframes/frame_239005.jpg,0.167,output/final_results/edge_condition_07168_A_cutout.png,output/final_results/edge_condition_07168_B_source_box.jpg,output/final_results/edge_condition_07168_C_raw_crop.jpg,output/final_results/edge_condition_07168_D_analysis.jpg,792,803,0.9863013698630136,0.47810766444016756,156.3801511377788,139.3981439551178,124.97318295030001,140.25049268106554,73.98348877832511,82.29438008627353,79.03728031947561,segment_1
playable_surface_07168,playable_surface,7168,239.172,7163,output/keyframes/frame_239005.jpg,0.167,output/final_results/playable_surface_07168_A_cutout.png,output/final_results/playable_surface_07168_B_source_box.jpg,output/final_results/playable_surface_07168_C_raw_crop.jpg,output/final_results/playable_surface_07168_D_analysis.jpg,327,640,0.5109375,0.2883887614678899,148.37352828746177,127.54230695718654,112.75588207186544,129.55723910550458,72.70531166386951,85.36987846726446,79.44947194829378,segment_1
sloped_platform_07168,sloped_platform,7168,239.172,7163,output/keyframes/frame_239005.jpg,0.167,output/final_results/sloped_platform_07168_A_cutout.png,output/final_results/sloped_platform_07168_B_source_box.jpg,output/final_results/sloped_platform_07168_C_raw_crop.jpg,output/final_results/sloped_platform_07168_D_analysis.jpg,1546,640,2.415625,0.0938753234152652,142.67679394404917,120.43180182729625,104.24978775873221,122.45279451002587,80.65092922511317,78.8993513511926,69.08295526964054,segment_1
edge_condition_07182,edge_condition,7182,239.639,7192,output/keyframes/frame_239973.jpg,0.334,output/final_results/edge_condition_07182_A_cutout.png,output/final_results/edge_condition_07182_B_source_box.jpg,output/final_results/edge_condition_07182_C_raw_crop.jpg,output/final_results/edge_condition_07182_D_analysis.jpg,919,732,1.255464480874317,0.4537481344060127,153.95930626661197,135.27261902638293,123.35828175077448,137.5300690145898,75.81330392373772,80.76522185285427,76.72650467252005,segment_1
playable_surface_07182,playable_surface,7182,239.639,7192,output/keyframes/frame_239973.jpg,0.334,output/final_results/playable_surface_07182_A_cutout.png,output/final_results/playable_surface_07182_B_source_box.jpg,output/final_results/playable_surface_07182_C_raw_crop.jpg,output/final_results/playable_surface_07182_D_analysis.jpg,292,669,0.43647234678624813,0.35608247844871715,125.05455904334828,96.16148616827405,89.44613203104204,103.55405908088812,68.22906002036079,69.85050237383788,59.03894143374018,segment_1
sloped_platform_07350,sloped_platform,7350,245.245,7337,output/keyframes/frame_244811.jpg,0.434,output/final_results/sloped_platform_07350_A_cutout.png,output/final_results/sloped_platform_07350_B_source_box.jpg,output/final_results/sloped_platform_07350_C_raw_crop.jpg,output/final_results/sloped_platform_07350_D_analysis.jpg,1436,1080,1.3296296296296297,0.3618274785927989,124.55480694831321,107.97421915299701,90.48114489838028,107.67005699989683,71.00739309091975,69.72956042695543,64.17411962914613,segment_1
sloped_platform_07364,sloped_platform,7364,245.712,7366,output/keyframes/frame_245778.jpg,0.067,output/final_results/sloped_platform_07364_A_cutout.png,output/final_results/sloped_platform_07364_B_source_box.jpg,output/final_results/sloped_platform_07364_C_raw_crop.jpg,output/final_results/sloped_platform_07364_D_analysis.jpg,1452,1080,1.3444444444444446,0.3253921793694521,128.7437397969595,110.72954736761555,92.80663516477911,110.75997410978472,70.49416503435033,70.93362832589432,65.02434775602771,segment_1
edge_condition_08778,edge_condition,8778,292.893,8787,output/keyframes/frame_293192.jpg,0.3,output/final_results/edge_condition_08778_A_cutout.png,output/final_results/edge_condition_08778_B_source_box.jpg,output/final_results/edge_condition_08778_C_raw_crop.jpg,output/final_results/edge_condition_08778_D_analysis.jpg,406,1063,0.3819379115710254,0.5588676901973687,69.98548118764162,65.72203170689887,75.59990546320711,70.43580611924921,48.42158008039879,63.26666468109081,65.40060089830062,segment_2
edge_condition_09044,edge_condition,9044,301.768,9048,output/keyframes/frame_301901.jpg,0.133,output/final_results/edge_condition_09044_A_cutout.png,output/final_results/edge_condition_09044_B_source_box.jpg,output/final_results/edge_condition_09044_C_raw_crop.jpg,output/final_results/edge_condition_09044_D_analysis.jpg,1042,835,1.2479041916167664,0.40283425471513784,97.0403312377165,99.06103876699576,117.09691174273334,104.39942724914853,48.91275534877683,74.92973212059357,84.68421210637315,segment_2
sloped_platform_09044,sloped_platform,9044,301.768,9048,output/keyframes/frame_301901.jpg,0.133,output/final_results/sloped_platform_09044_A_cutout.png,output/final_results/sloped_platform_09044_B_source_box.jpg,output/final_results/sloped_platform_09044_C_raw_crop.jpg,output/final_results/sloped_platform_09044_D_analysis.jpg,1235,515,2.3980582524271843,0.3370763727840887,95.54836523721552,94.32564285995048,105.23756927793718,98.37052579170106,48.914122101853444,63.049841079471854,79.07865597844005,segment_2
edge_condition_09058,edge_condition,9058,302.235,9048,output/keyframes/frame_301901.jpg,0.334,output/final_results/edge_condition_09058_A_cutout.png,output/final_results/edge_condition_09058_B_source_box.jpg,output/final_results/edge_condition_09058_C_raw_crop.jpg,output/final_results/edge_condition_09058_D_analysis.jpg,1032,825,1.250909090909091,0.3791155743481325,96.38501879257693,98.42308315715293,117.1263671599718,103.97815636990056,47.181793185170655,74.91917783106737,84.40469059894747,segment_2
edge_condition_09072,edge_condition,9072,302.702,9077,output/keyframes/frame_302869.jpg,0.167,output/final_results/edge_condition_09072_A_cutout.png,output/final_results/edge_condition_09072_B_source_box.jpg,output/final_results/edge_condition_09072_C_raw_crop.jpg,output/final_results/edge_condition_09072_D_analysis.jpg,1019,834,1.2218225419664268,0.32413519625908693,95.18915309361931,97.68499233978862,116.26259463479266,103.04558002273353,55.02864318696239,73.49419729357606,83.9749400443323,segment_2
edge_condition_09086,edge_condition,9086,303.17,9077,output/keyframes/frame_302869.jpg,0.3,output/final_results/edge_condition_09086_A_cutout.png,output/final_results/edge_condition_09086_B_source_box.jpg,output/final_results/edge_condition_09086_C_raw_crop.jpg,output/final_results/edge_condition_09086_D_analysis.jpg,1054,846,1.2458628841607564,0.27083137075466196,95.61102027175546,97.54860129821776,115.59622355004687,102.9186150400067,54.11339393048028,72.24083423035543,83.02070439453502,segment_2
edge_condition_09100,edge_condition,9100,303.637,9106,output/keyframes/frame_303836.jpg,0.2,output/final_results/edge_condition_09100_A_cutout.png,output/final_results/edge_condition_09100_B_source_box.jpg,output/final_results/edge_condition_09100_C_raw_crop.jpg,output/final_results/edge_condition_09100_D_analysis.jpg,1068,841,1.2699167657550534,0.33140055311360206,94.55299447331738,96.51348604078433,113.96937612170281,101.67861887860151,50.18100697711955,74.34113311209478,84.63766364077307,segment_2
edge_condition_09114,edge_condition,9114,304.104,9106,output/keyframes/frame_303836.jpg,0.267,output/final_results/edge_condition_09114_A_cutout.png,output/final_results/edge_condition_09114_B_source_box.jpg,output/final_results/edge_condition_09114_C_raw_crop.jpg,output/final_results/edge_condition_09114_D_analysis.jpg,1040,843,1.2336892052194544,0.36143580618669585,95.20126722328679,96.96865247741582,114.83186764303312,102.33392911457858,50.54864379396448,75.09957342798272,85.24482307463737,segment_2
edge_condition_09128,edge_condition,9128,304.571,9135,output/keyframes/frame_304804.jpg,0.234,output/final_results/edge_condition_09128_A_cutout.png,output/final_results/edge_condition_09128_B_source_box.jpg,output/final_results/edge_condition_09128_C_raw_crop.jpg,output/final_results/edge_condition_09128_D_analysis.jpg,1042,833,1.2509003601440576,0.40549847578186743,95.3143449318307,96.87183549043418,114.77800102766635,102.32139381664373,49.18930847898904,75.92421130386272,85.14638398998038,segment_2
edge_condition_09142,edge_condition,9142,305.038,9135,output/keyframes/frame_304804.jpg,0.234,output/final_results/edge_condition_09142_A_cutout.png,output/final_results/edge_condition_09142_B_source_box.jpg,output/final_results/edge_condition_09142_C_raw_crop.jpg,output/final_results/edge_condition_09142_D_analysis.jpg,1038,838,1.2386634844868736,0.4775683915736615,96.22206970445275,97.07535259195902,115.14913823628144,102.81552017756441,50.76754760833009,77.79806943215253,85.54649509670969,segment_2
edge_condition_09156,edge_condition,9156,305.505,9164,output/keyframes/frame_305772.jpg,0.267,output/final_results/edge_condition_09156_A_cutout.png,output/final_results/edge_condition_09156_B_source_box.jpg,output/final_results/edge_condition_09156_C_raw_crop.jpg,output/final_results/edge_condition_09156_D_analysis.jpg,1034,839,1.232419547079857,0.4282465309397067,95.38944077756747,96.80868354377851,114.8304742451523,102.34286618883276,50.4881182692183,76.13202592785584,84.5549225115485,segment_2
edge_condition_09170,edge_condition,9170,305.972,9164,output/keyframes/frame_305772.jpg,0.2,output/final_results/edge_condition_09170_A_cutout.png,output/final_results/edge_condition_09170_B_source_box.jpg,output/final_results/edge_condition_09170_C_raw_crop.jpg,output/final_results/edge_condition_09170_D_analysis.jpg,509,698,0.7292263610315186,0.36815262242387736,99.2010149683913,86.08239651882167,91.07332485180785,92.11891211300694,78.32677387547736,64.80032965787665,65.7989601914795,segment_2
edge_condition_09184,edge_condition,9184,306.439,9193,output/keyframes/frame_306739.jpg,0.3,output/final_results/edge_condition_09184_A_cutout.png,output/final_results/edge_condition_09184_B_source_box.jpg,output/final_results/edge_condition_09184_C_raw_crop.jpg,output/final_results/edge_condition_09184_D_analysis.jpg,670,598,1.120401337792642,0.20467478660210653,106.13624519542755,81.81849448410124,94.34234013877102,94.09902660609994,82.75701493721208,78.12358332734867,80.01747173328164,segment_2
edge_condition_09198,edge_condition,9198,306.907,9193,output/keyframes/frame_306739.jpg,0.167,output/final_results/edge_condition_09198_A_cutout.png,output/final_results/edge_condition_09198_B_source_box.jpg,output/final_results/edge_condition_09198_C_raw_crop.jpg,output/final_results/edge_condition_09198_D_analysis.jpg,510,756,0.6746031746031746,0.3922580143168378,107.62951032264758,91.93937130407718,99.03771656810872,99.53553273161117,78.94305761227733,66.78552999325072,67.6862710119638,segment_2
playable_surface_09212,playable_surface,9212,307.374,9222,output/keyframes/frame_307707.jpg,0.334,output/final_results/playable_surface_09212_A_cutout.png,output/final_results/playable_surface_09212_B_source_box.jpg,output/final_results/playable_surface_09212_C_raw_crop.jpg,output/final_results/playable_surface_09212_D_analysis.jpg,457,656,0.6966463414634146,0.2298193414100443,96.29636881571223,66.19653960078988,81.43046178683888,81.30779006778033,79.37105446403451,66.2451109760506,68.91145773259478,segment_2
edge_condition_09226,edge_condition,9226,307.841,9222,output/keyframes/frame_307707.jpg,0.133,output/final_results/edge_condition_09226_A_cutout.png,output/final_results/edge_condition_09226_B_source_box.jpg,output/final_results/edge_condition_09226_C_raw_crop.jpg,output/final_results/edge_condition_09226_D_analysis.jpg,1272,1065,1.1943661971830986,0.6904626922963356,52.10066953081171,43.76912850267222,49.34490654619541,48.404901526559776,38.72356520743617,54.931809953438645,55.499510346526975,segment_2
edge_condition_09240,edge_condition,9240,308.308,9251,output/keyframes/frame_308675.jpg,0.367,output/final_results/edge_condition_09240_A_cutout.png,output/final_results/edge_condition_09240_B_source_box.jpg,output/final_results/edge_condition_09240_C_raw_crop.jpg,output/final_results/edge_condition_09240_D_analysis.jpg,1292,1080,1.1962962962962962,0.7105449489737415,55.9390092879257,47.26742704391698,52.47361612773764,51.89335081986011,50.512383228249526,57.353600723201374,57.97334203580835,segment_2
playable_surface_09240,playable_surface,9240,308.308,9251,output/keyframes/frame_308675.jpg,0.367,output/final_results/playable_surface_09240_A_cutout.png,output/final_results/playable_surface_09240_B_source_box.jpg,output/final_results/playable_surface_09240_C_raw_crop.jpg,output/final_results/playable_surface_09240_D_analysis.jpg,325,719,0.4520166898470097,0.40645768695838236,89.76275168503263,75.14274526586071,83.79492029528191,82.90013908205842,89.38043735294183,57.07714585346259,58.70608122084879,segment_2
edge_condition_09268,edge_condition,9268,309.242,9280,output/keyframes/frame_309642.jpg,0.4,output/final_results/edge_condition_09268_A_cutout.png,output/final_results/edge_condition_09268_B_source_box.jpg,output/final_results/edge_condition_09268_C_raw_crop.jpg,output/final_results/edge_condition_09268_D_analysis.jpg,827,806,1.0260545905707197,0.15929800978753664,79.75725138846799,62.010662173961315,70.56996498450256,70.77929284897729,71.17343155163829,57.454905104533545,59.84904416180735,segment_3
edge_condition_09282,edge_condition,9282,309.709,9280,output/keyframes/frame_309642.jpg,0.067,output/final_results/edge_condition_09282_A_cutout.png,output/final_results/edge_condition_09282_B_source_box.jpg,output/final_results/edge_condition_09282_C_raw_crop.jpg,output/final_results/edge_condition_09282_D_analysis.jpg,1277,1080,1.1824074074074074,0.6909879926912034,54.33709576843876,45.605048000232024,50.66102192638998,50.20105523168692,47.90418834337179,57.92363824595544,58.44883348247678,segment_3
edge_condition_09296,edge_condition,9296,310.177,9309,output/keyframes/frame_310610.jpg,0.434,output/final_results/edge_condition_09296_A_cutout.png,output/final_results/edge_condition_09296_B_source_box.jpg,output/final_results/edge_condition_09296_C_raw_crop.jpg,output/final_results/edge_condition_09296_D_analysis.jpg,1297,1056,1.228219696969697,0.6722258241629868,57.745647005911074,48.835628840447654,53.940701589916124,53.507325812091615,47.557830236781335,60.84155777790832,62.04952545691964,segment_3
edge_condition_09310,edge_condition,9310,310.644,9309,output/keyframes/frame_310610.jpg,0.033,output/final_results/edge_condition_09310_A_cutout.png,output/final_results/edge_condition_09310_B_source_box.jpg,output/final_results/edge_condition_09310_C_raw_crop.jpg,output/final_results/edge_condition_09310_D_analysis.jpg,1289,1080,1.1935185185185184,0.6557523776685917,57.86868445248973,49.54001594690113,55.38985216791656,54.266184189102475,48.69137286066794,60.42636938338262,61.33188545487865,segment_3
edge_condition_09324,edge_condition,9324,311.111,9338,output/keyframes/frame_311577.jpg,0.467,output/final_results/edge_condition_09324_A_cutout.png,output/final_results/edge_condition_09324_B_source_box.jpg,output/final_results/edge_condition_09324_C_raw_crop.jpg,output/final_results/edge_condition_09324_D_analysis.jpg,1275,1075,1.186046511627907,0.6728127678978568,54.21556297309621,45.53480784313725,51.54835202918377,50.43290761513908,47.875528646293795,57.847572322442794,58.659100327221175,segment_3
sloped_platform_09324,sloped_platform,9324,311.111,9338,output/keyframes/frame_311577.jpg,0.467,output/final_results/sloped_platform_09324_A_cutout.png,output/final_results/sloped_platform_09324_B_source_box.jpg,output/final_results/sloped_platform_09324_C_raw_crop.jpg,output/final_results/sloped_platform_09324_D_analysis.jpg,1579,885,1.784180790960452,0.30148667360805487,76.08058236100229,63.84338081385987,68.90393977451222,69.6093009831248,59.96203782113197,46.424455817204084,47.01629581501083,segment_3
edge_condition_09338,edge_condition,9338,311.578,9338,output/keyframes/frame_311577.jpg,0.0,output/final_results/edge_condition_09338_A_cutout.png,output/final_results/edge_condition_09338_B_source_box.jpg,output/final_results/edge_condition_09338_C_raw_crop.jpg,output/final_results/edge_condition_09338_D_analysis.jpg,1273,1077,1.1819870009285052,0.64698425479989,55.97173347454196,46.26846124165859,52.923465796658114,51.72122017095289,49.935965179283734,58.852131370825184,59.47727086627843,segment_3
sloped_platform_09338,sloped_platform,9338,311.578,9338,output/keyframes/frame_311577.jpg,0.0,output/final_results/sloped_platform_09338_A_cutout.png,output/final_results/sloped_platform_09338_B_source_box.jpg,output/final_results/sloped_platform_09338_C_raw_crop.jpg,output/final_results/sloped_platform_09338_D_analysis.jpg,1584,886,1.7878103837471784,0.2979505837152564,76.93147901133229,63.162270988667714,69.45755737396539,69.8504357913218,60.914770541040326,45.31379951910428,47.09609150696297,segment_3
edge_condition_09352,edge_condition,9352,312.045,9338,output/keyframes/frame_311577.jpg,0.467,output/final_results/edge_condition_09352_A_cutout.png,output/final_results/edge_condition_09352_B_source_box.jpg,output/final_results/edge_condition_09352_C_raw_crop.jpg,output/final_results/edge_condition_09352_D_analysis.jpg,1272,1080,1.1777777777777778,0.6382286571162358,55.747685913114374,46.08143125436757,52.933414861402284,51.58751067629474,48.75636225622304,59.26118874038063,59.93213309413945,segment_3
sloped_platform_09352,sloped_platform,9352,312.045,9338,output/keyframes/frame_311577.jpg,0.467,output/final_results/sloped_platform_09352_A_cutout.png,output/final_results/sloped_platform_09352_B_source_box.jpg,output/final_results/sloped_platform_09352_C_raw_crop.jpg,output/final_results/sloped_platform_09352_D_analysis.jpg,1575,879,1.7918088737201365,0.31712443794355055,76.97460172996009,63.3091305054445,69.37082904454918,69.8848537599846,60.04232663016666,44.81576581882801,46.82394853847311,segment_3
sloped_platform_09492,sloped_platform,9492,316.716,9483,output/keyframes/frame_316416.jpg,0.3,output/final_results/sloped_platform_09492_A_cutout.png,output/final_results/sloped_platform_09492_B_source_box.jpg,output/final_results/sloped_platform_09492_C_raw_crop.jpg,output/final_results/sloped_platform_09492_D_analysis.jpg,895,757,1.1822985468956406,0.3521457089510933,115.848760544047,105.59504808011631,108.3978214504476,109.9472100248703,66.98782242267066,79.1890379708357,78.36504311414666,segment_3
sloped_platform_09562,sloped_platform,9562,319.052,9570,output/keyframes/frame_319319.jpg,0.267,output/final_results/sloped_platform_09562_A_cutout.png,output/final_results/sloped_platform_09562_B_source_box.jpg,output/final_results/sloped_platform_09562_C_raw_crop.jpg,output/final_results/sloped_platform_09562_D_analysis.jpg,710,814,0.8722358722358723,0.3515243796933938,111.9263297228086,105.55705436550507,115.73771671799841,111.0737002687707,74.31378228450276,93.81252668427177,94.47575512566281,segment_3
sloped_platform_09702,sloped_platform,9702,323.723,9715,output/keyframes/frame_324157.jpg,0.434,output/final_results/sloped_platform_09702_A_cutout.png,output/final_results/sloped_platform_09702_B_source_box.jpg,output/final_results/sloped_platform_09702_C_raw_crop.jpg,output/final_results/sloped_platform_09702_D_analysis.jpg,1920,921,2.0846905537459284,0.3200331387984075,120.10283093557727,114.51685611201593,109.31093806550851,114.64354170436724,42.383092348237795,44.9533529128804,44.515493053453206,segment_3
sloped_platform_09716,sloped_platform,9716,324.191,9715,output/keyframes/frame_324157.jpg,0.033,output/final_results/sloped_platform_09716_A_cutout.png,output/final_results/sloped_platform_09716_B_source_box.jpg,output/final_results/sloped_platform_09716_C_raw_crop.jpg,output/final_results/sloped_platform_09716_D_analysis.jpg,1895,979,1.9356486210418795,0.3133804619974612,116.33017052023901,109.98743427276231,106.26595820947011,110.86118766749047,43.84217389763564,46.0487408320562,45.47452862590443,segment_3
sloped_platform_09730,sloped_platform,9730,324.658,9744,output/keyframes/frame_325124.jpg,0.467,output/final_results/sloped_platform_09730_A_cutout.png,output/final_results/sloped_platform_09730_B_source_box.jpg,output/final_results/sloped_platform_09730_C_raw_crop.jpg,output/final_results/sloped_platform_09730_D_analysis.jpg,1920,1028,1.867704280155642,0.28233523832684826,112.36548516536965,105.17918186608301,101.51860661883917,106.35442455009728,42.62857310808923,44.64590076736364,43.811723861999155,segment_3
sloped_platform_09744,sloped_platform,9744,325.125,9744,output/keyframes/frame_325124.jpg,0.0,output/final_results/sloped_platform_09744_A_cutout.png,output/final_results/sloped_platform_09744_B_source_box.jpg,output/final_results/sloped_platform_09744_C_raw_crop.jpg,output/final_results/sloped_platform_09744_D_analysis.jpg,1920,1062,1.807909604519774,0.2587026247645951,115.8219642576899,106.8835559871312,103.6571641556811,108.78756146683406,40.14192471425745,45.61799128927897,44.969738799635714,segment_3
sloped_platform_09758,sloped_platform,9758,325.592,9744,output/keyframes/frame_325124.jpg,0.467,output/final_results/sloped_platform_09758_A_cutout.png,output/final_results/sloped_platform_09758_B_source_box.jpg,output/final_results/sloped_platform_09758_C_raw_crop.jpg,output/final_results/sloped_platform_09758_D_analysis.jpg,1920,1078,1.7810760667903525,0.23828801406926406,111.27100291821274,101.20054837275819,98.84420754097093,103.77191961064729,40.4597766485404,45.554903909194934,44.59941170859707,segment_3
sloped_platform_09772,sloped_platform,9772,326.059,9773,output/keyframes/frame_326092.jpg,0.033,output/final_results/sloped_platform_09772_A_cutout.png,output/final_results/sloped_platform_09772_B_source_box.jpg,output/final_results/sloped_platform_09772_C_raw_crop.jpg,output/final_results/sloped_platform_09772_D_analysis.jpg,1910,1047,1.8242597898758357,0.22075488681198338,106.13446146306825,95.77125869474989,94.24141926321526,98.71571314034448,41.73085528241906,46.11870503439474,45.14314544346157,segment_3
sloped_platform_09786,sloped_platform,9786,326.526,9773,output/keyframes/frame_326092.jpg,0.434,output/final_results/sloped_platform_09786_A_cutout.png,output/final_results/sloped_platform_09786_B_source_box.jpg,output/final_results/sloped_platform_09786_C_raw_crop.jpg,output/final_results/sloped_platform_09786_D_analysis.jpg,1792,1006,1.7813121272365806,0.23137347788270377,104.0008065446606,92.97856443925731,92.14059781933399,96.3733229344173,45.05226560403851,47.72703677950481,46.50966742982765,segment_3
sloped_platform_09800,sloped_platform,9800,326.993,9802,output/keyframes/frame_327060.jpg,0.067,output/final_results/sloped_platform_09800_A_cutout.png,output/final_results/sloped_platform_09800_B_source_box.jpg,output/final_results/sloped_platform_09800_C_raw_crop.jpg,output/final_results/sloped_platform_09800_D_analysis.jpg,1889,999,1.8908908908908908,0.15128627833762825,105.44173077259366,96.12374629791252,93.8170950198478,98.46085736345132,45.86741665688977,50.91505239855046,48.56676863685823,segment_3
sloped_platform_09814,sloped_platform,9814,327.46,9802,output/keyframes/frame_327060.jpg,0.4,output/final_results/sloped_platform_09814_A_cutout.png,output/final_results/sloped_platform_09814_B_source_box.jpg,output/final_results/sloped_platform_09814_C_raw_crop.jpg,output/final_results/sloped_platform_09814_D_analysis.jpg,1721,1037,1.6595949855351977,0.2670729773510837,105.84835855451715,96.54693762512768,93.50792608410373,98.63440742124952,46.66210587600682,47.9418413973755,45.82469117024363,segment_3
sloped_platform_09828,sloped_platform,9828,327.928,9831,output/keyframes/frame_328027.jpg,0.1,output/final_results/sloped_platform_09828_A_cutout.png,output/final_results/sloped_platform_09828_B_source_box.jpg,output/final_results/sloped_platform_09828_C_raw_crop.jpg,output/final_results/sloped_platform_09828_D_analysis.jpg,1552,1018,1.524557956777996,0.2957790695319304,107.237471011484,98.5392072843457,95.65927100844591,100.47864976809187,46.667275920180366,48.57273053828506,46.502439250249125,segment_3
sloped_platform_09842,sloped_platform,9842,328.395,9831,output/keyframes/frame_328027.jpg,0.367,output/final_results/sloped_platform_09842_A_cutout.png,output/final_results/sloped_platform_09842_B_source_box.jpg,output/final_results/sloped_platform_09842_C_raw_crop.jpg,output/final_results/sloped_platform_09842_D_analysis.jpg,1545,1026,1.5058479532163742,0.30508841323012675,106.83886333957872,97.61994801819363,94.06884561277339,99.50921899018192,40.31490259259323,46.37191800194314,43.87927583139423,segment_3
edge_condition_09856,edge_condition,9856,328.862,9860,output/keyframes/frame_328995.jpg,0.133,output/final_results/edge_condition_09856_A_cutout.png,output/final_results/edge_condition_09856_B_source_box.jpg,output/final_results/edge_condition_09856_C_raw_crop.jpg,output/final_results/edge_condition_09856_D_analysis.jpg,1316,1080,1.2185185185185186,0.7902313407632556,133.16110407519983,139.47900272993357,133.22006852977597,135.28672511163646,67.4124400382489,57.25757943127713,53.92780189577631,segment_3
edge_condition_09870,edge_condition,9870,329.329,9860,output/keyframes/frame_328995.jpg,0.334,output/final_results/edge_condition_09870_A_cutout.png,output/final_results/edge_condition_09870_B_source_box.jpg,output/final_results/edge_condition_09870_C_raw_crop.jpg,output/final_results/edge_condition_09870_D_analysis.jpg,1920,1080,1.7777777777777777,0.8605203510802469,136.21194010416667,140.61101755401234,129.5945495756173,135.47250241126542,53.11732731304595,61.29978917907548,59.92820006082606,segment_3
edge_condition_09884,edge_condition,9884,329.796,9889,output/keyframes/frame_329962.jpg,0.167,output/final_results/edge_condition_09884_A_cutout.png,output/final_results/edge_condition_09884_B_source_box.jpg,output/final_results/edge_condition_09884_C_raw_crop.jpg,output/final_results/edge_condition_09884_D_analysis.jpg,1372,1080,1.2703703703703704,0.5732318324155059,136.29524619371557,140.64165451895045,135.1496375931325,137.36217943526617,63.02789973726573,61.01612856347307,57.91940685924587,segment_3
edge_condition_09898,edge_condition,9898,330.263,9889,output/keyframes/frame_329962.jpg,0.3,output/final_results/edge_condition_09898_A_cutout.png,output/final_results/edge_condition_09898_B_source_box.jpg,output/final_results/edge_condition_09898_C_raw_crop.jpg,output/final_results/edge_condition_09898_D_analysis.jpg,1353,1080,1.2527777777777778,0.5707604500287428,137.75756412362102,142.11224028906955,136.07841422353619,138.64940621207558,63.47418798913847,59.47520381991633,55.9029760178225,segment_3
edge_condition_09912,edge_condition,9912,330.73,9918,output/keyframes/frame_330930.jpg,0.2,output/final_results/edge_condition_09912_A_cutout.png,output/final_results/edge_condition_09912_B_source_box.jpg,output/final_results/edge_condition_09912_C_raw_crop.jpg,output/final_results/edge_condition_09912_D_analysis.jpg,1920,1080,1.7777777777777777,0.8753655478395062,137.86761863425926,141.2741864390432,130.3432773919753,136.49502748842593,52.771158800248735,59.60890204487143,58.37309066337222,segment_3
edge_condition_09926,edge_condition,9926,331.198,9918,output/keyframes/frame_330930.jpg,0.267,output/final_results/edge_condition_09926_A_cutout.png,output/final_results/edge_condition_09926_B_source_box.jpg,output/final_results/edge_condition_09926_C_raw_crop.jpg,output/final_results/edge_condition_09926_D_analysis.jpg,1920,1080,1.7777777777777777,0.8786607831790123,137.49953462577162,140.73122010030863,130.69190827546296,136.30755433384775,53.580116796029806,60.109202817417426,58.327171706706636,segment_3
sloped_platform_09954,sloped_platform,9954,332.132,9947,output/keyframes/frame_331898.jpg,0.234,output/final_results/sloped_platform_09954_A_cutout.png,output/final_results/sloped_platform_09954_B_source_box.jpg,output/final_results/sloped_platform_09954_C_raw_crop.jpg,output/final_results/sloped_platform_09954_D_analysis.jpg,1201,1080,1.112037037037037,0.3281193141517871,129.53211212878156,117.28713957504549,122.86169935547538,123.22698368643414,74.19480992817071,65.23877535448348,61.71001459057402,segment_3
sloped_platform_10094,sloped_platform,10094,336.803,10092,output/keyframes/frame_336736.jpg,0.067,output/final_results/sloped_platform_10094_A_cutout.png,output/final_results/sloped_platform_10094_B_source_box.jpg,output/final_results/sloped_platform_10094_C_raw_crop.jpg,output/final_results/sloped_platform_10094_D_analysis.jpg,1584,736,2.152173913043478,0.42620241134167763,148.56841770284365,141.30720932147563,139.5764532210694,143.15069341512955,53.301944054133926,54.947367471213575,50.719357688511685,segment_3
sloped_platform_10108,sloped_platform,10108,337.27,10121,output/keyframes/frame_337704.jpg,0.434,output/final_results/sloped_platform_10108_A_cutout.png,output/final_results/sloped_platform_10108_B_source_box.jpg,output/final_results/sloped_platform_10108_C_raw_crop.jpg,output/final_results/sloped_platform_10108_D_analysis.jpg,1642,839,1.9570917759237187,0.4765424589042985,146.2244174449311,140.9694571433134,138.19018058444962,141.79468505756472,51.734450745034096,52.74271553965356,49.19724855170006,segment_3
edge_condition_10122,edge_condition,10122,337.737,10121,output/keyframes/frame_337704.jpg,0.033,output/final_results/edge_condition_10122_A_cutout.png,output/final_results/edge_condition_10122_B_source_box.jpg,output/final_results/edge_condition_10122_C_raw_crop.jpg,output/final_results/edge_condition_10122_D_analysis.jpg,771,766,1.0065274151436032,0.37238268431693267,118.50271594653447,104.55145228637319,106.17545285529965,109.74320702940244,69.56617438715017,75.91609690943899,66.9681107959617,segment_3
sloped_platform_10122,sloped_platform,10122,337.737,10121,output/keyframes/frame_337704.jpg,0.033,output/final_results/sloped_platform_10122_A_cutout.png,output/final_results/sloped_platform_10122_B_source_box.jpg,output/final_results/sloped_platform_10122_C_raw_crop.jpg,output/final_results/sloped_platform_10122_D_analysis.jpg,1667,1080,1.5435185185185185,0.39254204714612634,132.72268490746296,127.92258659379235,127.05840165300273,129.23455771808602,55.76052604629329,56.746090830415596,53.884922489437834,segment_3
sloped_platform_10136,sloped_platform,10136,338.205,10150,output/keyframes/frame_338671.jpg,0.467,output/final_results/sloped_platform_10136_A_cutout.png,output/final_results/sloped_platform_10136_B_source_box.jpg,output/final_results/sloped_platform_10136_C_raw_crop.jpg,output/final_results/sloped_platform_10136_D_analysis.jpg,1063,914,1.163019693654267,0.42097218762801286,68.65114009934314,53.913703629750245,51.5339930134564,58.032945580849926,48.52176719515428,31.276702716428517,29.984408151726395,segment_3
sloped_platform_10164,sloped_platform,10164,339.139,10150,output/keyframes/frame_338671.jpg,0.467,output/final_results/sloped_platform_10164_A_cutout.png,output/final_results/sloped_platform_10164_B_source_box.jpg,output/final_results/sloped_platform_10164_C_raw_crop.jpg,output/final_results/sloped_platform_10164_D_analysis.jpg,1059,722,1.4667590027700832,0.37348253592083686,69.13050387262327,53.117599052050885,51.47347364235847,57.90719218901087,46.66228209134263,31.25648943383902,29.63164374594856,segment_3
sloped_platform_10178,sloped_platform,10178,339.606,10179,output/keyframes/frame_339639.jpg,0.033,output/final_results/sloped_platform_10178_A_cutout.png,output/final_results/sloped_platform_10178_B_source_box.jpg,output/final_results/sloped_platform_10178_C_raw_crop.jpg,output/final_results/sloped_platform_10178_D_analysis.jpg,1093,787,1.3888182973316392,0.3767209840605168,66.57469678245877,52.058083611662994,50.780794032953146,56.47119147569164,49.02549300386296,31.638969965508547,30.687521790392864,segment_3
sloped_platform_10220,sloped_platform,10220,341.007,10208,output/keyframes/frame_340606.jpg,0.4,output/final_results/sloped_platform_10220_A_cutout.png,output/final_results/sloped_platform_10220_B_source_box.jpg,output/final_results/sloped_platform_10220_C_raw_crop.jpg,output/final_results/sloped_platform_10220_D_analysis.jpg,1328,632,2.1012658227848102,0.17582831325301204,78.93520641108739,60.87680627573585,57.49088521808754,65.76763263497025,49.713995670977944,35.06015510352755,32.26749740104829,segment_3
sloped_platform_10234,sloped_platform,10234,341.474,10237,output/keyframes/frame_341574.jpg,0.1,output/final_results/sloped_platform_10234_A_cutout.png,output/final_results/sloped_platform_10234_B_source_box.jpg,output/final_results/sloped_platform_10234_C_raw_crop.jpg,output/final_results/sloped_platform_10234_D_analysis.jpg,1330,986,1.3488843813387423,0.18084918177797435,70.33781207582852,57.38580121703854,55.34613841906999,61.02325057064568,50.268423953896,39.846070900394736,36.39994956113348,segment_3
playable_surface_10388,playable_surface,10388,346.613,10382,output/keyframes/frame_346412.jpg,0.2,output/final_results/playable_surface_10388_A_cutout.png,output/final_results/playable_surface_10388_B_source_box.jpg,output/final_results/playable_surface_10388_C_raw_crop.jpg,output/final_results/playable_surface_10388_D_analysis.jpg,345,577,0.5979202772963604,0.37627910481501015,126.76029437620878,115.95733554366664,116.38892823951976,119.70218605313173,71.8722442820442,65.80259950814784,68.29887247163654,segment_4
playable_surface_10430,playable_surface,10430,348.014,10440,output/keyframes/frame_348348.jpg,0.334,output/final_results/playable_surface_10430_A_cutout.png,output/final_results/playable_surface_10430_B_source_box.jpg,output/final_results/playable_surface_10430_C_raw_crop.jpg,output/final_results/playable_surface_10430_D_analysis.jpg,350,668,0.5239520958083832,0.4102822925577417,129.36109067579127,115.94124465355004,117.09661676646706,120.79965069860279,70.55029643079764,61.4473611174169,64.49116944891377,segment_4
sloped_platform_10430,sloped_platform,10430,348.014,10440,output/keyframes/frame_348348.jpg,0.334,output/final_results/sloped_platform_10430_A_cutout.png,output/final_results/sloped_platform_10430_B_source_box.jpg,output/final_results/sloped_platform_10430_C_raw_crop.jpg,output/final_results/sloped_platform_10430_D_analysis.jpg,1242,762,1.6299212598425197,0.35613860465509445,114.55070033516341,97.6323356621485,95.46567639190029,102.54957079640407,60.95141079696962,59.35451218069613,57.5414741693661,segment_4
edge_condition_10444,edge_condition,10444,348.481,10440,output/keyframes/frame_348348.jpg,0.133,output/final_results/edge_condition_10444_A_cutout.png,output/final_results/edge_condition_10444_B_source_box.jpg,output/final_results/edge_condition_10444_C_raw_crop.jpg,output/final_results/edge_condition_10444_D_analysis.jpg,471,825,0.5709090909090909,0.4116193784983594,125.08100624075146,111.16625619249822,110.54254905745351,115.5966038302344,66.42059156281552,66.3683355424719,67.12931189938438,segment_4
sloped_platform_10472,sloped_platform,10472,349.416,10469,output/keyframes/frame_349315.jpg,0.1,output/final_results/sloped_platform_10472_A_cutout.png,output/final_results/sloped_platform_10472_B_source_box.jpg,output/final_results/sloped_platform_10472_C_raw_crop.jpg,output/final_results/sloped_platform_10472_D_analysis.jpg,1555,785,1.980891719745223,0.37594036086591437,119.41285108648903,97.50875785938108,100.12079709996519,105.68080201527843,64.599180575699,58.374190934351795,56.674309841344424,segment_4
sloped_platform_10486,sloped_platform,10486,349.883,10498,output/keyframes/frame_350283.jpg,0.4,output/final_results/sloped_platform_10486_A_cutout.png,output/final_results/sloped_platform_10486_B_source_box.jpg,output/final_results/sloped_platform_10486_C_raw_crop.jpg,output/final_results/sloped_platform_10486_D_analysis.jpg,870,1080,0.8055555555555556,0.44321626223925076,114.78793422733078,90.96251064282673,92.78687739463602,99.51244075493118,47.58677626687563,61.09301762669022,56.34910421209776,segment_4
edge_condition_10696,edge_condition,10696,356.89,10701,output/keyframes/frame_357056.jpg,0.167,output/final_results/edge_condition_10696_A_cutout.png,output/final_results/edge_condition_10696_B_source_box.jpg,output/final_results/edge_condition_10696_C_raw_crop.jpg,output/final_results/edge_condition_10696_D_analysis.jpg,1920,1080,1.7777777777777777,0.46011043595679013,135.48450761959876,123.0111930941358,121.08738715277778,126.52769595550411,65.77795970250793,53.64262208455158,56.39733100437919,segment_4
edge_condition_10710,edge_condition,10710,357.357,10701,output/keyframes/frame_357056.jpg,0.3,output/final_results/edge_condition_10710_A_cutout.png,output/final_results/edge_condition_10710_B_source_box.jpg,output/final_results/edge_condition_10710_C_raw_crop.jpg,output/final_results/edge_condition_10710_D_analysis.jpg,1920,1080,1.7777777777777777,0.4759428047839506,135.58144724151234,123.07581886574074,121.08537953317901,126.58088188014403,65.01967019718343,53.47231445566957,56.252213499748464,segment_4
edge_condition_10724,edge_condition,10724,357.824,10730,output/keyframes/frame_358024.jpg,0.2,output/final_results/edge_condition_10724_A_cutout.png,output/final_results/edge_condition_10724_B_source_box.jpg,output/final_results/edge_condition_10724_C_raw_crop.jpg,output/final_results/edge_condition_10724_D_analysis.jpg,1920,1080,1.7777777777777777,0.42771315586419756,135.33051359953703,122.69471402391976,120.81327160493827,126.27949974279835,66.51212392639016,53.52389452040215,56.66984470773927,segment_4
edge_condition_10738,edge_condition,10738,358.291,10730,output/keyframes/frame_358024.jpg,0.267,output/final_results/edge_condition_10738_A_cutout.png,output/final_results/edge_condition_10738_B_source_box.jpg,output/final_results/edge_condition_10738_C_raw_crop.jpg,output/final_results/edge_condition_10738_D_analysis.jpg,1920,1080,1.7777777777777777,0.43852478780864196,135.9603303433642,123.24266782407408,121.45314670138889,126.88538162294239,65.50679492834179,53.651405648910746,56.83718879422218,segment_4
edge_condition_10752,edge_condition,10752,358.758,10759,output/keyframes/frame_358991.jpg,0.234,output/final_results/edge_condition_10752_A_cutout.png,output/final_results/edge_condition_10752_B_source_box.jpg,output/final_results/edge_condition_10752_C_raw_crop.jpg,output/final_results/edge_condition_10752_D_analysis.jpg,1920,1080,1.7777777777777777,0.47542679398148147,136.22553288966049,123.55795235339507,121.84067515432099,127.20805346579218,65.17649221941036,52.67455309546566,55.13560144365673,segment_4
playable_surface_10864,playable_surface,10864,362.495,10875,output/keyframes/frame_362862.jpg,0.367,output/final_results/playable_surface_10864_A_cutout.png,output/final_results/playable_surface_10864_B_source_box.jpg,output/final_results/playable_surface_10864_C_raw_crop.jpg,output/final_results/playable_surface_10864_D_analysis.jpg,423,759,0.5573122529644269,0.44746882952248357,84.80080172679618,75.89566027216351,69.24236194818988,76.64627464904986,57.55561967230105,60.020995073478836,47.80095118286668,segment_4
playable_surface_10892,playable_surface,10892,363.43,10904,output/keyframes/frame_363830.jpg,0.4,output/final_results/playable_surface_10892_A_cutout.png,output/final_results/playable_surface_10892_B_source_box.jpg,output/final_results/playable_surface_10892_C_raw_crop.jpg,output/final_results/playable_surface_10892_D_analysis.jpg,501,590,0.8491525423728814,0.39058493183125276,85.20130924591496,76.17654183159105,69.27744510978044,76.88509872909547,54.89392921273876,59.03955915975465,51.52104267849505,segment_4
playable_surface_10906,playable_surface,10906,363.897,10904,output/keyframes/frame_363830.jpg,0.067,output/final_results/playable_surface_10906_A_cutout.png,output/final_results/playable_surface_10906_B_source_box.jpg,output/final_results/playable_surface_10906_C_raw_crop.jpg,output/final_results/playable_surface_10906_D_analysis.jpg,591,732,0.8073770491803278,0.4148775346037558,80.51909794457852,71.4283815520605,63.88734246853994,71.94494065505965,53.580075097968134,61.54358494418432,54.215501282326684,segment_4
playable_surface_10934,playable_surface,10934,364.831,10933,output/keyframes/frame_364797.jpg,0.033,output/final_results/playable_surface_10934_A_cutout.png,output/final_results/playable_surface_10934_B_source_box.jpg,output/final_results/playable_surface_10934_C_raw_crop.jpg,output/final_results/playable_surface_10934_D_analysis.jpg,499,591,0.8443316412859561,0.5994730577907084,62.64093669572648,55.38817736996836,48.444550691908354,55.491221585867734,48.22247902963111,55.265102061349374,45.92960681800824,segment_4
playable_surface_11074,playable_surface,11074,369.502,11078,output/keyframes/frame_369635.jpg,0.133,output/final_results/playable_surface_11074_A_cutout.png,output/final_results/playable_surface_11074_B_source_box.jpg,output/final_results/playable_surface_11074_C_raw_crop.jpg,output/final_results/playable_surface_11074_D_analysis.jpg,384,581,0.6609294320137694,0.42817251147446933,80.41306296615032,56.23847174411934,58.040353377796905,64.89729602935552,60.06498554412891,55.5945344232172,47.34849266256298,segment_4
playable_surface_11102,playable_surface,11102,370.437,11107,output/keyframes/frame_370603.jpg,0.167,output/final_results/playable_surface_11102_A_cutout.png,output/final_results/playable_surface_11102_B_source_box.jpg,output/final_results/playable_surface_11102_C_raw_crop.jpg,output/final_results/playable_surface_11102_D_analysis.jpg,388,562,0.6903914590747331,0.4318844700443923,83.37948508639982,58.230848956231426,61.28406005796676,67.63146470019933,60.06027877234178,56.76563094225997,50.84376884740276,segment_4
playable_surface_11144,playable_surface,11144,371.838,11136,output/keyframes/frame_371571.jpg,0.267,output/final_results/playable_surface_11144_A_cutout.png,output/final_results/playable_surface_11144_B_source_box.jpg,output/final_results/playable_surface_11144_C_raw_crop.jpg,output/final_results/playable_surface_11144_D_analysis.jpg,436,603,0.7230514096185738,0.47295251570891716,89.15724892357782,59.96698464862233,63.218989152098835,70.781074241433,55.59669776336984,54.256057112611074,46.99815051079645,segment_4
playable_surface_11158,playable_surface,11158,372.305,11165,output/keyframes/frame_372538.jpg,0.234,output/final_results/playable_surface_11158_A_cutout.png,output/final_results/playable_surface_11158_B_source_box.jpg,output/final_results/playable_surface_11158_C_raw_crop.jpg,output/final_results/playable_surface_11158_D_analysis.jpg,543,1044,0.5201149425287356,0.23517883476923293,93.13902471723009,72.75370440930547,74.9103656428385,80.26769825645802,56.3220157687021,59.05240138516859,56.721684768717026,segment_4
sloped_platform_11802,sloped_platform,11802,393.793,11803,output/keyframes/frame_393826.jpg,0.033,output/final_results/sloped_platform_11802_A_cutout.png,output/final_results/sloped_platform_11802_B_source_box.jpg,output/final_results/sloped_platform_11802_C_raw_crop.jpg,output/final_results/sloped_platform_11802_D_analysis.jpg,1920,849,2.2614840989399294,0.331857332155477,111.46873527679622,93.73321677463683,88.88284010600707,98.02826405248004,49.435245729956065,56.878322161271015,53.625994239187925,segment_5
sloped_platform_11830,sloped_platform,11830,394.728,11832,output/keyframes/frame_394794.jpg,0.067,output/final_results/sloped_platform_11830_A_cutout.png,output/final_results/sloped_platform_11830_B_source_box.jpg,output/final_results/sloped_platform_11830_C_raw_crop.jpg,output/final_results/sloped_platform_11830_D_analysis.jpg,1920,847,2.2668240850059034,0.3412436048799685,112.2978502558048,95.3878136068477,89.84422901908697,99.17663096057983,49.049190056769525,57.17795121642129,53.96952875678368,segment_5
sloped_platform_11844,sloped_platform,11844,395.195,11832,output/keyframes/frame_394794.jpg,0.4,output/final_results/sloped_platform_11844_A_cutout.png,output/final_results/sloped_platform_11844_B_source_box.jpg,output/final_results/sloped_platform_11844_C_raw_crop.jpg,output/final_results/sloped_platform_11844_D_analysis.jpg,1920,847,2.2668240850059034,0.26555243998425815,112.15282738095237,95.19977863046044,89.70895070838253,99.02051890659845,51.68078858916385,57.22718774218282,54.332816244375714,segment_5
sloped_platform_11858,sloped_platform,11858,395.662,11861,output/keyframes/frame_395762.jpg,0.1,output/final_results/sloped_platform_11858_A_cutout.png,output/final_results/sloped_platform_11858_B_source_box.jpg,output/final_results/sloped_platform_11858_C_raw_crop.jpg,output/final_results/sloped_platform_11858_D_analysis.jpg,1920,863,2.2247972190034764,0.34111626110467363,112.256679099073,95.17183335747393,90.01934627269216,99.1492862430797,49.356200287089116,57.11461864712984,53.90707014945831,segment_5
sloped_platform_11872,sloped_platform,11872,396.129,11861,output/keyframes/frame_395762.jpg,0.367,output/final_results/sloped_platform_11872_A_cutout.png,output/final_results/sloped_platform_11872_B_source_box.jpg,output/final_results/sloped_platform_11872_C_raw_crop.jpg,output/final_results/sloped_platform_11872_D_analysis.jpg,1920,874,2.196796338672769,0.33618659420289854,112.36126406369183,95.25041535564455,90.31213410564455,99.3079378416603,49.410953841027414,56.92401416495592,53.75023699605189,segment_5
sloped_platform_11886,sloped_platform,11886,396.596,11890,output/keyframes/frame_396729.jpg,0.133,output/final_results/sloped_platform_11886_A_cutout.png,output/final_results/sloped_platform_11886_B_source_box.jpg,output/final_results/sloped_platform_11886_C_raw_crop.jpg,output/final_results/sloped_platform_11886_D_analysis.jpg,1920,876,2.191780821917808,0.3396273306697108,112.49418283866058,95.14481425989345,90.40166416952054,99.34688708935819,49.44569252498208,56.99659043904573,53.89864867852391,segment_5
sloped_platform_11900,sloped_platform,11900,397.063,11890,output/keyframes/frame_396729.jpg,0.334,output/final_results/sloped_platform_11900_A_cutout.png,output/final_results/sloped_platform_11900_B_source_box.jpg,output/final_results/sloped_platform_11900_C_raw_crop.jpg,output/final_results/sloped_platform_11900_D_analysis.jpg,1920,875,2.1942857142857144,0.3433583333333333,112.0279494047619,94.83459583333334,89.88893630952381,98.91716051587302,49.81879681109795,57.295514485605366,54.21831861735392,segment_5
sloped_platform_11956,sloped_platform,11956,398.932,11948,output/keyframes/frame_398664.jpg,0.267,output/final_results/sloped_platform_11956_A_cutout.png,output/final_results/sloped_platform_11956_B_source_box.jpg,output/final_results/sloped_platform_11956_C_raw_crop.jpg,output/final_results/sloped_platform_11956_D_analysis.jpg,1920,886,2.1670428893905194,0.3547110139202408,112.47333521444695,94.67946705699774,90.6701549567344,99.2743190760597,48.17372570096928,56.7954752325023,53.92323491090982,segment_5
sloped_platform_11970,sloped_platform,11970,399.399,11977,output/keyframes/frame_399632.jpg,0.234,output/final_results/sloped_platform_11970_A_cutout.png,output/final_results/sloped_platform_11970_B_source_box.jpg,output/final_results/sloped_platform_11970_C_raw_crop.jpg,output/final_results/sloped_platform_11970_D_analysis.jpg,1920,882,2.17687074829932,0.2860869000377929,112.60787096088436,95.35672418272864,90.49092084750566,99.48517199703956,52.026101882015325,58.293193708998224,56.153559692974135,segment_5
sloped_platform_12012,sloped_platform,12012,400.8,12006,output/keyframes/frame_400600.jpg,0.2,output/final_results/sloped_platform_12012_A_cutout.png,output/final_results/sloped_platform_12012_B_source_box.jpg,output/final_results/sloped_platform_12012_C_raw_crop.jpg,output/final_results/sloped_platform_12012_D_analysis.jpg,1920,1012,1.8972332015810276,0.37576683959156787,109.43541769598156,92.74759397644928,88.50851037549407,96.89717401597497,49.08552050371309,56.22546088594157,52.90758637254476,segment_5
sloped_platform_12026,sloped_platform,12026,401.268,12035,output/keyframes/frame_401567.jpg,0.3,output/final_results/sloped_platform_12026_A_cutout.png,output/final_results/sloped_platform_12026_B_source_box.jpg,output/final_results/sloped_platform_12026_C_raw_crop.jpg,output/final_results/sloped_platform_12026_D_analysis.jpg,1920,1000,1.92,0.387059375,109.5460484375,93.5893921875,88.90996510416667,97.34846857638888,48.40246119740869,56.040497571737724,52.88367677344872,segment_5
sloped_platform_12040,sloped_platform,12040,401.735,12035,output/keyframes/frame_401567.jpg,0.167,output/final_results/sloped_platform_12040_A_cutout.png,output/final_results/sloped_platform_12040_B_source_box.jpg,output/final_results/sloped_platform_12040_C_raw_crop.jpg,output/final_results/sloped_platform_12040_D_analysis.jpg,1920,1080,1.7777777777777777,0.38309365354938274,107.7152879050926,91.60895833333333,87.58982542438271,95.63802388760288,49.488872698654795,56.258188712823134,52.74279649491728,segment_5
sloped_platform_12082,sloped_platform,12082,403.136,12093,output/keyframes/frame_403503.jpg,0.367,output/final_results/sloped_platform_12082_A_cutout.png,output/final_results/sloped_platform_12082_B_source_box.jpg,output/final_results/sloped_platform_12082_C_raw_crop.jpg,output/final_results/sloped_platform_12082_D_analysis.jpg,1920,945,2.0317460317460316,0.3189969135802469,108.74160273368607,92.00205742945326,87.73619984567901,96.15995333627278,50.584741143215865,55.33204173389557,52.52787781789239,segment_5
sloped_platform_12096,sloped_platform,12096,403.603,12093,output/keyframes/frame_403503.jpg,0.1,output/final_results/sloped_platform_12096_A_cutout.png,output/final_results/sloped_platform_12096_B_source_box.jpg,output/final_results/sloped_platform_12096_C_raw_crop.jpg,output/final_results/sloped_platform_12096_D_analysis.jpg,1920,897,2.140468227424749,0.4067214790040877,108.41493868450391,92.43189392883686,87.18636485042735,96.01106582125604,47.94333220151132,54.24098890036806,51.547627671900464,segment_5
edge_condition_12698,edge_condition,12698,423.69,12702,output/keyframes/frame_423823.jpg,0.133,output/final_results/edge_condition_12698_A_cutout.png,output/final_results/edge_condition_12698_B_source_box.jpg,output/final_results/edge_condition_12698_C_raw_crop.jpg,output/final_results/edge_condition_12698_D_analysis.jpg,1762,1070,1.6467289719626168,0.3012029660432601,105.95118440175247,99.0990749679103,103.209625319571,102.75329489641126,66.45611570613643,71.91646386848164,75.50704696698888,segment_6
sloped_platform_12810,sloped_platform,12810,427.427,12818,output/keyframes/frame_427693.jpg,0.267,output/final_results/sloped_platform_12810_A_cutout.png,output/final_results/sloped_platform_12810_B_source_box.jpg,output/final_results/sloped_platform_12810_C_raw_crop.jpg,output/final_results/sloped_platform_12810_D_analysis.jpg,500,938,0.5330490405117271,0.35240085287846484,149.13319402985076,145.17410447761193,138.0437078891258,144.11700213219615,49.35420641960155,63.231502157447515,59.29129422040554,segment_6
playable_surface_12838,playable_surface,12838,428.361,12847,output/keyframes/frame_428661.jpg,0.3,output/final_results/playable_surface_12838_A_cutout.png,output/final_results/playable_surface_12838_B_source_box.jpg,output/final_results/playable_surface_12838_C_raw_crop.jpg,output/final_results/playable_surface_12838_D_analysis.jpg,301,475,0.6336842105263157,0.30163315264906454,160.1501870956461,155.32570729148452,147.5709459695751,154.3489467855686,51.824392840440815,79.74673811206105,76.36604011102595,segment_6
sloped_platform_12838,sloped_platform,12838,428.361,12847,output/keyframes/frame_428661.jpg,0.3,output/final_results/sloped_platform_12838_A_cutout.png,output/final_results/sloped_platform_12838_B_source_box.jpg,output/final_results/sloped_platform_12838_C_raw_crop.jpg,output/final_results/sloped_platform_12838_D_analysis.jpg,1920,671,2.8614008941877795,0.27910534649776453,156.22579328117237,148.9567793715847,140.34462090163933,148.50906451813213,48.942242436395745,60.61246595431053,60.490489121067114,segment_6
sloped_platform_12894,sloped_platform,12894,430.23,12905,output/keyframes/frame_430596.jpg,0.367,output/final_results/sloped_platform_12894_A_cutout.png,output/final_results/sloped_platform_12894_B_source_box.jpg,output/final_results/sloped_platform_12894_C_raw_crop.jpg,output/final_results/sloped_platform_12894_D_analysis.jpg,1920,592,3.2432432432432434,0.2552153716216216,162.6676071579392,155.34141064893018,145.63053473395271,154.54651751360737,48.64081071166275,62.85902635513894,63.38259598512452,segment_6
edge_condition_12992,edge_condition,12992,433.5,12992,output/keyframes/frame_433499.jpg,0.0,output/final_results/edge_condition_12992_A_cutout.png,output/final_results/edge_condition_12992_B_source_box.jpg,output/final_results/edge_condition_12992_C_raw_crop.jpg,output/final_results/edge_condition_12992_D_analysis.jpg,329,381,0.863517060367454,0.4414714118182036,103.46689642518089,99.03405691309862,108.8606450789396,103.78719947240637,52.757722689547165,75.73105702656706,79.0076841219551,segment_6
edge_condition_13006,edge_condition,13006,433.967,12992,output/keyframes/frame_433499.jpg,0.467,output/final_results/edge_condition_13006_A_cutout.png,output/final_results/edge_condition_13006_B_source_box.jpg,output/final_results/edge_condition_13006_C_raw_crop.jpg,output/final_results/edge_condition_13006_D_analysis.jpg,582,479,1.2150313152400836,0.32385625838480797,99.72601855239652,95.22291572505722,103.66115690621211,99.53669706122196,52.767630432411885,72.36064875298544,75.18756228672595,segment_6
edge_condition_13034,edge_condition,13034,434.901,13021,output/keyframes/frame_434467.jpg,0.434,output/final_results/edge_condition_13034_A_cutout.png,output/final_results/edge_condition_13034_B_source_box.jpg,output/final_results/edge_condition_13034_C_raw_crop.jpg,output/final_results/edge_condition_13034_D_analysis.jpg,1178,564,2.0886524822695036,0.21364646172741394,84.32739256342641,79.11002540668761,84.49146136618141,82.64295977876515,58.20766146560445,67.25299075872128,69.59419364922908,segment_6
edge_condition_13048,edge_condition,13048,435.368,13050,output/keyframes/frame_435435.jpg,0.067,output/final_results/edge_condition_13048_A_cutout.png,output/final_results/edge_condition_13048_B_source_box.jpg,output/final_results/edge_condition_13048_C_raw_crop.jpg,output/final_results/edge_condition_13048_D_analysis.jpg,584,605,0.9652892561983472,0.34429129401109476,44.551856673836745,41.21561474017887,44.46868561077777,43.41205234159779,43.4182987144168,53.14274760871707,54.031819260941596,segment_6
sloped_platform_13048,sloped_platform,13048,435.368,13050,output/keyframes/frame_435435.jpg,0.067,output/final_results/sloped_platform_13048_A_cutout.png,output/final_results/sloped_platform_13048_B_source_box.jpg,output/final_results/sloped_platform_13048_C_raw_crop.jpg,output/final_results/sloped_platform_13048_D_analysis.jpg,512,599,0.8547579298831386,0.3419501252086811,42.837541736227045,38.64830055300501,40.895933326377296,40.79392520520312,45.26467654910439,28.084518100421995,28.29350085967021,segment_6
edge_condition_13062,edge_condition,13062,435.835,13050,output/keyframes/frame_435435.jpg,0.4,output/final_results/edge_condition_13062_A_cutout.png,output/final_results/edge_condition_13062_B_source_box.jpg,output/final_results/edge_condition_13062_C_raw_crop.jpg,output/final_results/edge_condition_13062_D_analysis.jpg,449,691,0.6497829232995659,0.5054905740042996,48.85590426063386,44.968593981157674,48.89915844504108,47.574552228944206,43.39616626802092,59.977555044399686,61.39361205670531,segment_6
edge_condition_13076,edge_condition,13076,436.303,13079,output/keyframes/frame_436402.jpg,0.1,output/final_results/edge_condition_13076_A_cutout.png,output/final_results/edge_condition_13076_B_source_box.jpg,output/final_results/edge_condition_13076_C_raw_crop.jpg,output/final_results/edge_condition_13076_D_analysis.jpg,1026,833,1.2316926770708283,0.5876186732002743,62.64765438339078,58.58739051176026,62.982190537033524,61.40574514406153,42.22844932028963,68.7883643263415,70.55163066786128,segment_6
sloped_platform_13160,sloped_platform,13160,439.105,13166,output/keyframes/frame_439305.jpg,0.2,output/final_results/sloped_platform_13160_A_cutout.png,output/final_results/sloped_platform_13160_B_source_box.jpg,output/final_results/sloped_platform_13160_C_raw_crop.jpg,output/final_results/sloped_platform_13160_D_analysis.jpg,1920,598,3.210702341137124,0.4186141304347826,151.57882873467113,152.42597024804905,146.49798547240803,150.16759481837607,47.875134403350074,51.29705608184899,52.03532667313106,segment_6
sloped_platform_13188,sloped_platform,13188,440.04,13195,output/keyframes/frame_440273.jpg,0.234,output/final_results/sloped_platform_13188_A_cutout.png,output/final_results/sloped_platform_13188_B_source_box.jpg,output/final_results/sloped_platform_13188_C_raw_crop.jpg,output/final_results/sloped_platform_13188_D_analysis.jpg,1796,645,2.7844961240310075,0.3626551682464046,139.83333764955717,140.92856994872326,137.6306866248856,139.4641980743887,54.10006832351562,53.879957053511376,53.65309271502958,segment_6
sloped_platform_13314,sloped_platform,13314,444.244,13311,output/keyframes/frame_444143.jpg,0.1,output/final_results/sloped_platform_13314_A_cutout.png,output/final_results/sloped_platform_13314_B_source_box.jpg,output/final_results/sloped_platform_13314_C_raw_crop.jpg,output/final_results/sloped_platform_13314_D_analysis.jpg,1920,829,2.316043425814234,0.2188743968636912,120.35044669782872,117.99859582328106,119.08160120124649,119.14354790745209,63.021135098905,63.51924607808468,62.47325387602447,segment_6
sloped_platform_13328,sloped_platform,13328,444.711,13340,output/keyframes/frame_445111.jpg,0.4,output/final_results/sloped_platform_13328_A_cutout.png,output/final_results/sloped_platform_13328_B_source_box.jpg,output/final_results/sloped_platform_13328_C_raw_crop.jpg,output/final_results/sloped_platform_13328_D_analysis.jpg,1570,809,1.9406674907292953,0.27221150590884396,130.6637320589231,128.9063828112083,129.93821341122563,129.836109427119,62.37405054249678,60.68953434328241,60.720820910003205,segment_6
sloped_platform_13342,sloped_platform,13342,445.178,13340,output/keyframes/frame_445111.jpg,0.067,output/final_results/sloped_platform_13342_A_cutout.png,output/final_results/sloped_platform_13342_B_source_box.jpg,output/final_results/sloped_platform_13342_C_raw_crop.jpg,output/final_results/sloped_platform_13342_D_analysis.jpg,1694,797,2.125470514429109,0.2789578392407182,136.05960367908582,134.37644191100333,133.73560236957067,134.72388265321993,60.26827415764755,59.24275782512536,59.36886003731455,segment_6
edge_condition_13384,edge_condition,13384,446.579,13398,output/keyframes/frame_447046.jpg,0.467,output/final_results/edge_condition_13384_A_cutout.png,output/final_results/edge_condition_13384_B_source_box.jpg,output/final_results/edge_condition_13384_C_raw_crop.jpg,output/final_results/edge_condition_13384_D_analysis.jpg,1462,1022,1.4305283757338552,0.5551130933418286,114.87133942458793,101.68427495241487,97.22414741621402,104.59325393107227,50.95094205775453,62.5420376281758,61.30117923091052,segment_6
edge_condition_13398,edge_condition,13398,447.047,13398,output/keyframes/frame_447046.jpg,0.0,output/final_results/edge_condition_13398_A_cutout.png,output/final_results/edge_condition_13398_B_source_box.jpg,output/final_results/edge_condition_13398_C_raw_crop.jpg,output/final_results/edge_condition_13398_D_analysis.jpg,1444,1023,1.4115347018572826,0.5682190504815828,115.00399468728929,101.71445872359553,97.55585115745066,104.75810152277849,50.77691273365809,62.93889986259008,61.7159125794138,segment_6
sloped_platform_13398,sloped_platform,13398,447.047,13398,output/keyframes/frame_447046.jpg,0.0,output/final_results/sloped_platform_13398_A_cutout.png,output/final_results/sloped_platform_13398_B_source_box.jpg,output/final_results/sloped_platform_13398_C_raw_crop.jpg,output/final_results/sloped_platform_13398_D_analysis.jpg,1258,1023,1.2297165200391007,0.47233036037590115,113.98847959569022,106.23252085965558,105.23603619144416,108.48567888226333,49.362405696397566,54.252752717540545,52.34309482348485,segment_6
edge_condition_13412,edge_condition,13412,447.514,13398,output/keyframes/frame_447046.jpg,0.467,output/final_results/edge_condition_13412_A_cutout.png,output/final_results/edge_condition_13412_B_source_box.jpg,output/final_results/edge_condition_13412_C_raw_crop.jpg,output/final_results/edge_condition_13412_D_analysis.jpg,1432,1024,1.3984375,0.5647872839560056,114.82670584737255,101.59205670063722,97.49226933484637,104.63701062761872,50.68952272004256,62.96164947870031,61.80763193224118,segment_6
edge_condition_13426,edge_condition,13426,447.981,13427,output/keyframes/frame_448014.jpg,0.033,output/final_results/edge_condition_13426_A_cutout.png,output/final_results/edge_condition_13426_B_source_box.jpg,output/final_results/edge_condition_13426_C_raw_crop.jpg,output/final_results/edge_condition_13426_D_analysis.jpg,1404,1028,1.3657587548638133,0.5668642677397541,114.98898990654827,101.59295495360671,97.56571344241577,104.71588610085692,50.60328544506962,63.151169263026695,62.04078463883271,segment_6
edge_condition_13440,edge_condition,13440,448.448,13427,output/keyframes/frame_448014.jpg,0.434,output/final_results/edge_condition_13440_A_cutout.png,output/final_results/edge_condition_13440_B_source_box.jpg,output/final_results/edge_condition_13440_C_raw_crop.jpg,output/final_results/edge_condition_13440_D_analysis.jpg,1390,1026,1.354775828460039,0.5730180767666568,114.54613221703339,101.1570792488816,97.43090369809416,104.37803838800305,50.53240374567141,63.599395542411735,62.482261202814165,segment_6
sloped_platform_13440,sloped_platform,13440,448.448,13427,output/keyframes/frame_448014.jpg,0.434,output/final_results/sloped_platform_13440_A_cutout.png,output/final_results/sloped_platform_13440_B_source_box.jpg,output/final_results/sloped_platform_13440_C_raw_crop.jpg,output/final_results/sloped_platform_13440_D_analysis.jpg,1275,1010,1.2623762376237624,0.48799145796932636,114.72043874975734,107.13022869345758,106.3748926422054,109.40852002847343,49.86844236103126,54.292143448950505,52.713713778849396,segment_6
edge_condition_13454,edge_condition,13454,448.915,13456,output/keyframes/frame_448981.jpg,0.067,output/final_results/edge_condition_13454_A_cutout.png,output/final_results/edge_condition_13454_B_source_box.jpg,output/final_results/edge_condition_13454_C_raw_crop.jpg,output/final_results/edge_condition_13454_D_analysis.jpg,1377,1031,1.335596508244423,0.5823706211298688,115.02780190281379,101.77094176392401,97.88307211378283,104.89393859350687,50.49956944574272,63.746723579272114,62.67570278438608,segment_6
sloped_platform_13454,sloped_platform,13454,448.915,13456,output/keyframes/frame_448981.jpg,0.067,output/final_results/sloped_platform_13454_A_cutout.png,output/final_results/sloped_platform_13454_B_source_box.jpg,output/final_results/sloped_platform_13454_C_raw_crop.jpg,output/final_results/sloped_platform_13454_D_analysis.jpg,1281,908,1.4107929515418502,0.4479782452448012,111.50774192106249,104.84983940134876,103.62187872910413,106.6598200171718,57.33775239837391,50.84634503512877,49.242576299383856,segment_6
edge_condition_13468,edge_condition,13468,449.382,13456,output/keyframes/frame_448981.jpg,0.4,output/final_results/edge_condition_13468_A_cutout.png,output/final_results/edge_condition_13468_B_source_box.jpg,output/final_results/edge_condition_13468_C_raw_crop.jpg,output/final_results/edge_condition_13468_D_analysis.jpg,1384,1039,1.3320500481231954,0.5738510239392034,116.13268371655717,102.7599779134005,99.02254140541984,105.97173434512584,51.23264021267734,63.66424460284582,62.55803033861803,segment_6
sloped_platform_13468,sloped_platform,13468,449.382,13456,output/keyframes/frame_448981.jpg,0.4,output/final_results/sloped_platform_13468_A_cutout.png,output/final_results/sloped_platform_13468_B_source_box.jpg,output/final_results/sloped_platform_13468_C_raw_crop.jpg,output/final_results/sloped_platform_13468_D_analysis.jpg,1270,892,1.4237668161434978,0.4627246566152325,112.00015447900851,105.3003522121394,104.16074555983192,107.15375075032661,57.15287937272696,50.56178009298351,48.878698166526675,segment_6
edge_condition_13482,edge_condition,13482,449.849,13485,output/keyframes/frame_449949.jpg,0.1,output/final_results/edge_condition_13482_A_cutout.png,output/final_results/edge_condition_13482_B_source_box.jpg,output/final_results/edge_condition_13482_C_raw_crop.jpg,output/final_results/edge_condition_13482_D_analysis.jpg,1387,1026,1.3518518518518519,0.5649571136043264,116.03480171629909,102.69291288784325,99.04835207461095,105.92535555958443,51.4615713517154,63.567993585432646,62.43015111833172,segment_6
sloped_platform_13482,sloped_platform,13482,449.849,13485,output/keyframes/frame_449949.jpg,0.1,output/final_results/sloped_platform_13482_A_cutout.png,output/final_results/sloped_platform_13482_B_source_box.jpg,output/final_results/sloped_platform_13482_C_raw_crop.jpg,output/final_results/sloped_platform_13482_D_analysis.jpg,1282,886,1.4469525959367946,0.48157330356419675,112.94314928353342,106.46926448164021,105.12016266203696,108.17752547573686,56.65505042776932,50.18311910187322,48.63151133487218,segment_6
edge_condition_13496,edge_condition,13496,450.317,13485,output/keyframes/frame_449949.jpg,0.367,output/final_results/edge_condition_13496_A_cutout.png,output/final_results/edge_condition_13496_B_source_box.jpg,output/final_results/edge_condition_13496_C_raw_crop.jpg,output/final_results/edge_condition_13496_D_analysis.jpg,1387,1009,1.3746283448959367,0.5636031305846516,114.7942633100938,101.8188931198164,97.98572687199487,104.86629443396835,51.38522555899396,64.02601308749765,62.908050539130954,segment_6
sloped_platform_13496,sloped_platform,13496,450.317,13485,output/keyframes/frame_449949.jpg,0.367,output/final_results/sloped_platform_13496_A_cutout.png,output/final_results/sloped_platform_13496_B_source_box.jpg,output/final_results/sloped_platform_13496_C_raw_crop.jpg,output/final_results/sloped_platform_13496_D_analysis.jpg,1293,990,1.3060606060606061,0.49512448537970577,118.63810650980025,111.10636683931348,109.8276031779512,113.19069217568831,49.936393117630125,54.62954321356426,53.12400176585778,segment_6
edge_condition_13510,edge_condition,13510,450.784,13514,output/keyframes/frame_450917.jpg,0.133,output/final_results/edge_condition_13510_A_cutout.png,output/final_results/edge_condition_13510_B_source_box.jpg,output/final_results/edge_condition_13510_C_raw_crop.jpg,output/final_results/edge_condition_13510_D_analysis.jpg,1393,1018,1.3683693516699411,0.5664739639821336,115.26944856192272,102.32076887383874,98.39637917344228,105.32886553640125,51.63829896707861,64.12422535415244,62.965615512447556,segment_6
sloped_platform_13510,sloped_platform,13510,450.784,13514,output/keyframes/frame_450917.jpg,0.133,output/final_results/sloped_platform_13510_A_cutout.png,output/final_results/sloped_platform_13510_B_source_box.jpg,output/final_results/sloped_platform_13510_C_raw_crop.jpg,output/final_results/sloped_platform_13510_D_analysis.jpg,1279,998,1.281563126252505,0.5037157975058796,118.9829620147253,111.4013601871452,110.17537968822712,113.51990063003254,49.77316708552628,55.338813586559944,53.8796873290509,segment_6
edge_condition_13524,edge_condition,13524,451.251,13514,output/keyframes/frame_450917.jpg,0.334,output/final_results/edge_condition_13524_A_cutout.png,output/final_results/edge_condition_13524_B_source_box.jpg,output/final_results/edge_condition_13524_C_raw_crop.jpg,output/final_results/edge_condition_13524_D_analysis.jpg,1404,1028,1.3657587548638133,0.5538795492589267,116.31848484596539,103.20585154145465,99.25092079882936,106.25841906208314,52.43095878805827,63.93537599670178,62.68319977800364,segment_6
sloped_platform_13524,sloped_platform,13524,451.251,13514,output/keyframes/frame_450917.jpg,0.334,output/final_results/sloped_platform_13524_A_cutout.png,output/final_results/sloped_platform_13524_B_source_box.jpg,output/final_results/sloped_platform_13524_C_raw_crop.jpg,output/final_results/sloped_platform_13524_D_analysis.jpg,1269,994,1.2766599597585513,0.49807671878394083,119.62470171700019,111.96718530251644,110.88715508179098,114.15968070043587,50.31394873893052,55.42086320893078,53.92241725278877,segment_6
edge_condition_13538,edge_condition,13538,451.718,13543,output/keyframes/frame_451884.jpg,0.167,output/final_results/edge_condition_13538_A_cutout.png,output/final_results/edge_condition_13538_B_source_box.jpg,output/final_results/edge_condition_13538_C_raw_crop.jpg,output/final_results/edge_condition_13538_D_analysis.jpg,1412,1048,1.3473282442748091,0.5546940888350669,116.64568691477629,103.5682008628333,99.37566226239647,106.52985001333535,53.03967069368621,64.41447644091033,63.14006597657714,segment_6
sloped_platform_13538,sloped_platform,13538,451.718,13543,output/keyframes/frame_451884.jpg,0.167,output/final_results/sloped_platform_13538_A_cutout.png,output/final_results/sloped_platform_13538_B_source_box.jpg,output/final_results/sloped_platform_13538_C_raw_crop.jpg,output/final_results/sloped_platform_13538_D_analysis.jpg,1264,1014,1.2465483234714003,0.4918233340823409,119.49744479190073,112.11774008813322,110.85608833920055,114.15709107307818,50.8646780318941,56.18368199333281,54.670730094454015,segment_6
edge_condition_13552,edge_condition,13552,452.185,13543,output/keyframes/frame_451884.jpg,0.3,output/final_results/edge_condition_13552_A_cutout.png,output/final_results/edge_condition_13552_B_source_box.jpg,output/final_results/edge_condition_13552_C_raw_crop.jpg,output/final_results/edge_condition_13552_D_analysis.jpg,1412,1052,1.3422053231939164,0.5612828391085642,114.74555951701332,101.67793101498293,97.31647462273398,104.57998838491008,52.247866064037765,65.27116174432236,64.0234832193941,segment_6
edge_condition_13566,edge_condition,13566,452.652,13572,output/keyframes/frame_452852.jpg,0.2,output/final_results/edge_condition_13566_A_cutout.png,output/final_results/edge_condition_13566_B_source_box.jpg,output/final_results/edge_condition_13566_C_raw_crop.jpg,output/final_results/edge_condition_13566_D_analysis.jpg,1887,1042,1.810940499040307,0.39246455442684414,123.18741424047961,110.65389059602676,108.01875596947292,113.9533536019931,57.548157590569794,63.438845546434386,61.83497697302092,segment_6
sloped_platform_13566,sloped_platform,13566,452.652,13572,output/keyframes/frame_452852.jpg,0.2,output/final_results/sloped_platform_13566_A_cutout.png,output/final_results/sloped_platform_13566_B_source_box.jpg,output/final_results/sloped_platform_13566_C_raw_crop.jpg,output/final_results/sloped_platform_13566_D_analysis.jpg,1264,868,1.456221198156682,0.5467401052907892,120.4840432319314,112.21431305780786,109.6390645963367,114.11247362869199,48.88155580618678,49.682642801317215,47.123345846604835,segment_6
sloped_platform_13580,sloped_platform,13580,453.119,13572,output/keyframes/frame_452852.jpg,0.267,output/final_results/sloped_platform_13580_A_cutout.png,output/final_results/sloped_platform_13580_B_source_box.jpg,output/final_results/sloped_platform_13580_C_raw_crop.jpg,output/final_results/sloped_platform_13580_D_analysis.jpg,1268,873,1.4524627720504009,0.5396842173729227,126.70450077870645,117.42718101040323,114.80561879157769,119.64576686022912,46.664464473741994,50.86129427959312,48.04785922408655,segment_6
edge_condition_13594,edge_condition,13594,453.586,13601,output/keyframes/frame_453820.jpg,0.234,output/final_results/edge_condition_13594_A_cutout.png,output/final_results/edge_condition_13594_B_source_box.jpg,output/final_results/edge_condition_13594_C_raw_crop.jpg,output/final_results/edge_condition_13594_D_analysis.jpg,1804,1009,1.7879088206144698,0.4039844283928018,126.77499181424827,113.0655986366603,110.36918015026623,116.7365902003916,57.74957295029715,62.451854544337884,60.43557121099696,segment_6
sloped_platform_13594,sloped_platform,13594,453.586,13601,output/keyframes/frame_453820.jpg,0.234,output/final_results/sloped_platform_13594_A_cutout.png,output/final_results/sloped_platform_13594_B_source_box.jpg,output/final_results/sloped_platform_13594_C_raw_crop.jpg,output/final_results/sloped_platform_13594_D_analysis.jpg,1245,847,1.4698937426210152,0.5708093294073578,130.03708055361943,120.98030753474346,118.01454507522415,123.01064438786236,43.422628769534526,49.391365842273956,46.40478674417417,segment_6
edge_condition_13608,edge_condition,13608,454.054,13601,output/keyframes/frame_453820.jpg,0.234,output/final_results/edge_condition_13608_A_cutout.png,output/final_results/edge_condition_13608_B_source_box.jpg,output/final_results/edge_condition_13608_C_raw_crop.jpg,output/final_results/edge_condition_13608_D_analysis.jpg,1731,1017,1.7020648967551621,0.4281495341755154,126.63538391537962,111.27130974473806,108.80017518477051,115.5689562816294,58.18570241926674,64.11290996708071,61.668138605290395,segment_6
sloped_platform_13608,sloped_platform,13608,454.054,13601,output/keyframes/frame_453820.jpg,0.234,output/final_results/sloped_platform_13608_A_cutout.png,output/final_results/sloped_platform_13608_B_source_box.jpg,output/final_results/sloped_platform_13608_C_raw_crop.jpg,output/final_results/sloped_platform_13608_D_analysis.jpg,1252,858,1.4592074592074593,0.5679351266411969,131.36298751833897,120.90935342612659,118.56706658623591,123.61313584356715,44.1818665944863,52.04863413641627,48.94809118871952,segment_6
edge_condition_13622,edge_condition,13622,454.521,13630,output/keyframes/frame_454787.jpg,0.267,output/final_results/edge_condition_13622_A_cutout.png,output/final_results/edge_condition_13622_B_source_box.jpg,output/final_results/edge_condition_13622_C_raw_crop.jpg,output/final_results/edge_condition_13622_D_analysis.jpg,1584,1003,1.5792622133599203,0.47209633725087363,124.60862551235184,106.47506344602556,103.77652648116258,111.62007181317999,58.16617329669477,65.05020849992378,62.42373865372214,segment_6
