dataset_name,source_site,topic,place_name,osm_type,osm_id,name,access,operator,surface,playground_type,lat,lon,tag_count,tags_json
london_playgrounds_osm,Overpass API / OpenStreetMap,mapped playground locations across Greater London,London,node,29714490,,,,,,51.462614,-0.0791826,2,"{""created_by"": ""Potlatch 0.4b"", ""leisure"": ""playground""}"
london_playgrounds_osm,Overpass API / OpenStreetMap,mapped playground locations across Greater London,London,node,29714491,,,,,,51.4630978,-0.0787634,1,"{""leisure"": ""playground""}"
london_playgrounds_osm,Overpass API / OpenStreetMap,mapped playground locations across Greater London,London,node,249309944,,yes,,,,51.5063236,-0.0592148,3,"{""access"": ""yes"", ""created_by"": ""Potlatch 0.7b"", ""leisure"": ""playground""}"
london_playgrounds_osm,Overpass API / OpenStreetMap,mapped playground locations across Greater London,London,node,261325952,,,,,,51.4809021,-0.1259443,2,"{""created_by"": ""JOSM"", ""leisure"": ""playground""}"
london_playgrounds_osm,Overpass API / OpenStreetMap,mapped playground locations across Greater London,London,node,262311251,,,,,,51.526442,-0.013745,2,"{""description"": ""play area of under fives"", ""leisure"": ""playground""}"
london_playgrounds_osm,Overpass API / OpenStreetMap,mapped playground locations across Greater London,London,node,262362411,,yes,,,,51.5097015,-0.0185808,2,"{""access"": ""yes"", ""leisure"": ""playground""}"
london_playgrounds_osm,Overpass API / OpenStreetMap,mapped playground locations across Greater London,London,node,267177617,,,,,,51.5585858,-0.0873343,2,"{""created_by"": ""Potlatch 0.9b"", ""leisure"": ""playground""}"
london_playgrounds_osm,Overpass API / OpenStreetMap,mapped playground locations across Greater London,London,node,270420485,,yes,,,,51.5042527,-0.046808,2,"{""access"": ""yes"", ""leisure"": ""playground""}"
london_playgrounds_osm,Overpass API / OpenStreetMap,mapped playground locations across Greater London,London,node,343528685,,,,,,51.5863191,-0.0966471,1,"{""leisure"": ""playground""}"
london_playgrounds_osm,Overpass API / OpenStreetMap,mapped playground locations across Greater London,London,node,362490476,,yes,,,,51.5263945,-0.1423313,2,"{""access"": ""yes"", ""leisure"": ""playground""}"
london_playgrounds_osm,Overpass API / OpenStreetMap,mapped playground locations across Greater London,London,node,391041064,,,,,,51.4904427,-0.0903225,1,"{""leisure"": ""playground""}"
london_playgrounds_osm,Overpass API / OpenStreetMap,mapped playground locations across Greater London,London,node,392107162,,yes,,,,51.5263265,-0.0930162,2,"{""access"": ""yes"", ""leisure"": ""playground""}"
london_playgrounds_osm,Overpass API / OpenStreetMap,mapped playground locations across Greater London,London,node,410715464,,yes,,,,51.6246089,-0.2629539,2,"{""access"": ""yes"", ""leisure"": ""playground""}"
london_playgrounds_osm,Overpass API / OpenStreetMap,mapped playground locations across Greater London,London,node,412410543,,yes,,,,51.4982797,-0.0883493,2,"{""access"": ""yes"", ""leisure"": ""playground""}"
london_playgrounds_osm,Overpass API / OpenStreetMap,mapped playground locations across Greater London,London,node,415805067,,yes,,,,51.4816824,-0.0630562,2,"{""access"": ""yes"", ""leisure"": ""playground""}"
london_playgrounds_osm,Overpass API / OpenStreetMap,mapped playground locations across Greater London,London,node,426087692,,yes,,,,51.4759384,-0.0757249,2,"{""access"": ""yes"", ""leisure"": ""playground""}"
london_playgrounds_osm,Overpass API / OpenStreetMap,mapped playground locations across Greater London,London,node,426087703,,,,,,51.4762281,-0.0766173,1,"{""leisure"": ""playground""}"
london_playgrounds_osm,Overpass API / OpenStreetMap,mapped playground locations across Greater London,London,node,469789265,Ducketts Common playground,,,,,51.5884868,-0.1024832,9,"{""leisure"": ""playground"", ""local_ref"": ""U"", ""name"": ""Ducketts Common playground"", ""naptan:AtcoCode"": ""490015475U"", ""naptan:Bearing"": ""N"", ""naptan:CommonName"": ""Turnpike Lane Station U Y"", ""naptan:Indicator"": ""Stop U"", ""naptan:Street"": ""GREEN LANES"", ""naptan:verified"": ""no""}"
london_playgrounds_osm,Overpass API / OpenStreetMap,mapped playground locations across Greater London,London,node,475251875,Grove Adventure Playground,,,,,51.4684223,-0.1029348,2,"{""leisure"": ""playground"", ""name"": ""Grove Adventure Playground""}"
london_playgrounds_osm,Overpass API / OpenStreetMap,mapped playground locations across Greater London,London,node,485351956,,yes,,,,51.5293317,-0.1429465,2,"{""access"": ""yes"", ""leisure"": ""playground""}"
london_playgrounds_osm,Overpass API / OpenStreetMap,mapped playground locations across Greater London,London,node,511711403,,,,,,51.5177968,-0.1868132,1,"{""leisure"": ""playground""}"
london_playgrounds_osm,Overpass API / OpenStreetMap,mapped playground locations across Greater London,London,node,528226318,,,,,,51.4531056,-0.3315011,1,"{""leisure"": ""playground""}"
london_playgrounds_osm,Overpass API / OpenStreetMap,mapped playground locations across Greater London,London,node,595687523,,,,,,51.5399313,-0.2304887,1,"{""leisure"": ""playground""}"
london_playgrounds_osm,Overpass API / OpenStreetMap,mapped playground locations across Greater London,London,node,597408914,,,,,,51.5876337,-0.0127144,1,"{""leisure"": ""playground""}"
london_playgrounds_osm,Overpass API / OpenStreetMap,mapped playground locations across Greater London,London,node,662244966,,yes,,,,51.5137776,0.0207887,2,"{""access"": ""yes"", ""leisure"": ""playground""}"
london_playgrounds_osm,Overpass API / OpenStreetMap,mapped playground locations across Greater London,London,node,695809641,,,,,,51.4939202,-0.0655701,1,"{""leisure"": ""playground""}"
london_playgrounds_osm,Overpass API / OpenStreetMap,mapped playground locations across Greater London,London,node,697037338,,,,,,51.5099578,-0.0756371,1,"{""leisure"": ""playground""}"
london_playgrounds_osm,Overpass API / OpenStreetMap,mapped playground locations across Greater London,London,node,724364694,,private,,,,51.51046,-0.2020648,2,"{""access"": ""private"", ""leisure"": ""playground""}"
london_playgrounds_osm,Overpass API / OpenStreetMap,mapped playground locations across Greater London,London,node,724365075,,private,,,,51.5102084,-0.2029966,2,"{""access"": ""private"", ""leisure"": ""playground""}"
london_playgrounds_osm,Overpass API / OpenStreetMap,mapped playground locations across Greater London,London,node,727367251,Sumatra Road Play Area,yes,,,,51.549529,-0.1968053,3,"{""access"": ""yes"", ""leisure"": ""playground"", ""name"": ""Sumatra Road Play Area""}"
london_playgrounds_osm,Overpass API / OpenStreetMap,mapped playground locations across Greater London,London,node,737848959,,yes,,,,51.5487146,-0.1993875,2,"{""access"": ""yes"", ""leisure"": ""playground""}"
london_playgrounds_osm,Overpass API / OpenStreetMap,mapped playground locations across Greater London,London,node,743009740,,yes,,,,51.5191078,-0.123392,2,"{""access"": ""yes"", ""leisure"": ""playground""}"
london_playgrounds_osm,Overpass API / OpenStreetMap,mapped playground locations across Greater London,London,node,759843340,,,,,,51.5676784,-0.0778274,1,"{""leisure"": ""playground""}"
london_playgrounds_osm,Overpass API / OpenStreetMap,mapped playground locations across Greater London,London,node,759843357,,,,,,51.5682437,-0.0781733,1,"{""leisure"": ""playground""}"
london_playgrounds_osm,Overpass API / OpenStreetMap,mapped playground locations across Greater London,London,node,995065771,,,,,,51.5527257,-0.1605993,1,"{""leisure"": ""playground""}"
london_playgrounds_osm,Overpass API / OpenStreetMap,mapped playground locations across Greater London,London,node,1011595862,,,,,,51.5160004,-0.1850272,1,"{""leisure"": ""playground""}"
london_playgrounds_osm,Overpass API / OpenStreetMap,mapped playground locations across Greater London,London,node,1126026199,,,,,,51.492437,-0.1135055,2,"{""leisure"": ""playground"", ""source"": ""Bing;survey""}"
london_playgrounds_osm,Overpass API / OpenStreetMap,mapped playground locations across Greater London,London,node,1126114881,,,,,,51.494102,-0.112217,2,"{""leisure"": ""playground"", ""wheelchair"": ""yes""}"
london_playgrounds_osm,Overpass API / OpenStreetMap,mapped playground locations across Greater London,London,node,1129448150,,,,,,51.522906,-0.1025734,1,"{""leisure"": ""playground""}"
london_playgrounds_osm,Overpass API / OpenStreetMap,mapped playground locations across Greater London,London,node,1145233938,Brunswick Estate Play Area,,,,,51.5261214,-0.1028763,2,"{""leisure"": ""playground"", ""name"": ""Brunswick Estate Play Area""}"
london_playgrounds_osm,Overpass API / OpenStreetMap,mapped playground locations across Greater London,London,node,1180273833,,,,,,51.5638223,-0.1347258,1,"{""leisure"": ""playground""}"
london_playgrounds_osm,Overpass API / OpenStreetMap,mapped playground locations across Greater London,London,node,1237044496,,,,,,51.4974232,-0.1131822,2,"{""leisure"": ""playground"", ""source"": ""survey; Bing""}"
london_playgrounds_osm,Overpass API / OpenStreetMap,mapped playground locations across Greater London,London,node,1305571445,,,,,,51.4981755,-0.2159851,1,"{""leisure"": ""playground""}"
london_playgrounds_osm,Overpass API / OpenStreetMap,mapped playground locations across Greater London,London,node,1312974190,,yes,,,,51.5673544,-0.1445201,2,"{""access"": ""yes"", ""leisure"": ""playground""}"
london_playgrounds_osm,Overpass API / OpenStreetMap,mapped playground locations across Greater London,London,node,1335567728,,,,,,51.5951045,-0.097305,1,"{""leisure"": ""playground""}"
london_playgrounds_osm,Overpass API / OpenStreetMap,mapped playground locations across Greater London,London,node,1360475630,,yes,,,,51.5362111,-0.1179104,2,"{""access"": ""yes"", ""leisure"": ""playground""}"
london_playgrounds_osm,Overpass API / OpenStreetMap,mapped playground locations across Greater London,London,node,1397699607,,,,,,51.5735657,0.1308621,1,"{""leisure"": ""playground""}"
london_playgrounds_osm,Overpass API / OpenStreetMap,mapped playground locations across Greater London,London,node,1499049189,Tree Swing,yes,,,,51.5875633,-0.1430589,3,"{""access"": ""yes"", ""leisure"": ""playground"", ""name"": ""Tree Swing""}"
london_playgrounds_osm,Overpass API / OpenStreetMap,mapped playground locations across Greater London,London,node,1550547597,The Little Gym of London,,,,,43.0047539,-81.3059013,2,"{""leisure"": ""playground"", ""name"": ""The Little Gym of London""}"
london_playgrounds_osm,Overpass API / OpenStreetMap,mapped playground locations across Greater London,London,node,1584900215,,yes,,,,51.5609904,-0.0073657,2,"{""access"": ""yes"", ""leisure"": ""playground""}"
london_playgrounds_osm,Overpass API / OpenStreetMap,mapped playground locations across Greater London,London,node,1648342162,nature play garden,,,,,51.5031219,-0.20702,2,"{""leisure"": ""playground"", ""name"": ""nature play garden""}"
london_playgrounds_osm,Overpass API / OpenStreetMap,mapped playground locations across Greater London,London,node,1681568012,,private,,,,51.5101151,-0.2065146,2,"{""access"": ""private"", ""leisure"": ""playground""}"
london_playgrounds_osm,Overpass API / OpenStreetMap,mapped playground locations across Greater London,London,node,1685281116,,private,,,,51.5192595,-0.0918254,3,"{""access"": ""private"", ""leisure"": ""playground"", ""source"": ""Bing;photographic_survey""}"
london_playgrounds_osm,Overpass API / OpenStreetMap,mapped playground locations across Greater London,London,node,1735696650,Upper Pepys Park Playground,yes,,,,51.4887093,-0.0298121,4,"{""access"": ""yes"", ""leisure"": ""playground"", ""name"": ""Upper Pepys Park Playground"", ""source"": ""local_knowledge""}"
london_playgrounds_osm,Overpass API / OpenStreetMap,mapped playground locations across Greater London,London,node,1815278863,,,,,,51.4809901,-0.0996708,1,"{""leisure"": ""playground""}"
london_playgrounds_osm,Overpass API / OpenStreetMap,mapped playground locations across Greater London,London,node,1834187282,,,,,,51.6147439,-0.0840129,2,"{""leisure"": ""playground"", ""wheelchair"": ""limited""}"
london_playgrounds_osm,Overpass API / OpenStreetMap,mapped playground locations across Greater London,London,node,1936244714,,,,,,42.9536243,-81.2335175,1,"{""leisure"": ""playground""}"
london_playgrounds_osm,Overpass API / OpenStreetMap,mapped playground locations across Greater London,London,node,2056088626,,,,,,51.4469256,-0.3297737,1,"{""leisure"": ""playground""}"
london_playgrounds_osm,Overpass API / OpenStreetMap,mapped playground locations across Greater London,London,node,2065712009,,,,,,51.5725947,-0.1308586,1,"{""leisure"": ""playground""}"
london_playgrounds_osm,Overpass API / OpenStreetMap,mapped playground locations across Greater London,London,node,2065712038,,,,,,51.5729869,-0.1313363,1,"{""leisure"": ""playground""}"
london_playgrounds_osm,Overpass API / OpenStreetMap,mapped playground locations across Greater London,London,node,2112680901,,,,,,51.4683041,-0.2901032,1,"{""leisure"": ""playground""}"
london_playgrounds_osm,Overpass API / OpenStreetMap,mapped playground locations across Greater London,London,node,2122105963,,,,,,42.9513364,-81.2702037,1,"{""leisure"": ""playground""}"
london_playgrounds_osm,Overpass API / OpenStreetMap,mapped playground locations across Greater London,London,node,2122105964,,,,,,42.9521177,-81.2686479,1,"{""leisure"": ""playground""}"
london_playgrounds_osm,Overpass API / OpenStreetMap,mapped playground locations across Greater London,London,node,2122106742,,,,,,42.9490806,-81.2681597,1,"{""leisure"": ""playground""}"
london_playgrounds_osm,Overpass API / OpenStreetMap,mapped playground locations across Greater London,London,node,2168835629,,,,,,51.4560608,-0.1182606,1,"{""leisure"": ""playground""}"
london_playgrounds_osm,Overpass API / OpenStreetMap,mapped playground locations across Greater London,London,node,2257593092,,,,,,51.5964953,-0.0375915,1,"{""leisure"": ""playground""}"
london_playgrounds_osm,Overpass API / OpenStreetMap,mapped playground locations across Greater London,London,node,2308444310,,yes,,,,51.523444,-0.0193429,2,"{""access"": ""yes"", ""leisure"": ""playground""}"
london_playgrounds_osm,Overpass API / OpenStreetMap,mapped playground locations across Greater London,London,node,2341495566,,yes,,,,51.5766398,-0.1019012,2,"{""access"": ""yes"", ""leisure"": ""playground""}"
london_playgrounds_osm,Overpass API / OpenStreetMap,mapped playground locations across Greater London,London,node,2344481654,Churchfield Gardens,yes,,,,51.5763073,-0.4246608,3,"{""access"": ""yes"", ""leisure"": ""playground"", ""name"": ""Churchfield Gardens""}"
london_playgrounds_osm,Overpass API / OpenStreetMap,mapped playground locations across Greater London,London,node,2417949821,Outdoor climbing wall,,,,,51.4404062,-0.0631736,3,"{""leisure"": ""playground"", ""name"": ""Outdoor climbing wall"", ""sport"": ""climbing""}"
london_playgrounds_osm,Overpass API / OpenStreetMap,mapped playground locations across Greater London,London,node,2418380275,Play Beach,yes,,sand,,51.4464832,-0.3249767,5,"{""access"": ""yes"", ""leisure"": ""playground"", ""name"": ""Play Beach"", ""playground:theme"": ""ship"", ""surface"": ""sand""}"
london_playgrounds_osm,Overpass API / OpenStreetMap,mapped playground locations across Greater London,London,node,2443788233,Prize Walk Playground,yes,,,,51.5478596,-0.0076766,3,"{""access"": ""yes"", ""leisure"": ""playground"", ""name"": ""Prize Walk Playground""}"
london_playgrounds_osm,Overpass API / OpenStreetMap,mapped playground locations across Greater London,London,node,2451299694,,,,,,51.6332222,-0.0535961,1,"{""leisure"": ""playground""}"
london_playgrounds_osm,Overpass API / OpenStreetMap,mapped playground locations across Greater London,London,node,2458261088,,,,,,51.5594681,-0.1136026,1,"{""leisure"": ""playground""}"
london_playgrounds_osm,Overpass API / OpenStreetMap,mapped playground locations across Greater London,London,node,2740703344,,,,,,51.572967,-0.0945873,1,"{""leisure"": ""playground""}"
london_playgrounds_osm,Overpass API / OpenStreetMap,mapped playground locations across Greater London,London,node,2882744805,,,,,,51.4742571,-0.0693037,2,"{""leisure"": ""playground"", ""sport"": ""table_tennis""}"
london_playgrounds_osm,Overpass API / OpenStreetMap,mapped playground locations across Greater London,London,node,2916660680,,,,,,51.4764214,-0.065417,1,"{""leisure"": ""playground""}"
london_playgrounds_osm,Overpass API / OpenStreetMap,mapped playground locations across Greater London,London,node,2916660699,,,,,,51.4769558,-0.0652324,1,"{""leisure"": ""playground""}"
london_playgrounds_osm,Overpass API / OpenStreetMap,mapped playground locations across Greater London,London,node,3243817892,,,,,,51.6358087,-0.1032182,1,"{""leisure"": ""playground""}"
london_playgrounds_osm,Overpass API / OpenStreetMap,mapped playground locations across Greater London,London,node,3637396650,The Warren,yes,,,,51.5239381,-0.1384545,3,"{""access"": ""yes"", ""leisure"": ""playground"", ""name"": ""The Warren""}"
london_playgrounds_osm,Overpass API / OpenStreetMap,mapped playground locations across Greater London,London,node,3654920629,,yes,,,,51.5955482,-0.0214201,2,"{""access"": ""yes"", ""leisure"": ""playground""}"
london_playgrounds_osm,Overpass API / OpenStreetMap,mapped playground locations across Greater London,London,node,3707840068,,yes,,,springy,51.5787462,-0.3370584,6,"{""access"": ""yes"", ""fee"": ""no"", ""leisure"": ""playground"", ""playground"": ""springy"", ""source"": ""survey"", ""survey:date"": ""2015-08-17""}"
london_playgrounds_osm,Overpass API / OpenStreetMap,mapped playground locations across Greater London,London,node,3717358335,,,,,,51.5635818,-0.1198801,1,"{""leisure"": ""playground""}"
london_playgrounds_osm,Overpass API / OpenStreetMap,mapped playground locations across Greater London,London,node,3720513795,,private,,,,51.5813468,-0.1464929,2,"{""access"": ""private"", ""leisure"": ""playground""}"
london_playgrounds_osm,Overpass API / OpenStreetMap,mapped playground locations across Greater London,London,node,3736633231,,,,,,51.5357511,-0.1934252,2,"{""check_date"": ""2019-11-17"", ""leisure"": ""playground""}"
london_playgrounds_osm,Overpass API / OpenStreetMap,mapped playground locations across Greater London,London,node,3762435001,,,,,,51.4846779,-0.3343016,1,"{""leisure"": ""playground""}"
london_playgrounds_osm,Overpass API / OpenStreetMap,mapped playground locations across Greater London,London,node,3811569428,,,,,,51.5661134,-0.0924182,2,"{""leisure"": ""playground"", ""source"": ""gps+mapnoter""}"
london_playgrounds_osm,Overpass API / OpenStreetMap,mapped playground locations across Greater London,London,node,3814578486,,,,,,51.5854638,-0.0377561,2,"{""leisure"": ""playground"", ""source"": ""survey""}"
london_playgrounds_osm,Overpass API / OpenStreetMap,mapped playground locations across Greater London,London,node,3974508542,,yes,,,,51.5511187,-0.099282,3,"{""access"": ""yes"", ""leisure"": ""playground"", ""source"": ""gps+mapnoter""}"
london_playgrounds_osm,Overpass API / OpenStreetMap,mapped playground locations across Greater London,London,node,4068378388,,,,,,51.4312736,0.0467617,1,"{""leisure"": ""playground""}"
london_playgrounds_osm,Overpass API / OpenStreetMap,mapped playground locations across Greater London,London,node,4068510492,,,,,,51.4581235,0.1415133,1,"{""leisure"": ""playground""}"
london_playgrounds_osm,Overpass API / OpenStreetMap,mapped playground locations across Greater London,London,node,4104233607,,,,,,51.5764003,-0.0283771,2,"{""leisure"": ""playground"", ""source"": ""survey""}"
london_playgrounds_osm,Overpass API / OpenStreetMap,mapped playground locations across Greater London,London,node,4205128675,,,,,,51.5459738,-0.4848404,1,"{""leisure"": ""playground""}"
london_playgrounds_osm,Overpass API / OpenStreetMap,mapped playground locations across Greater London,London,node,4213421892,,,,,,51.3403577,-0.3211962,1,"{""leisure"": ""playground""}"
london_playgrounds_osm,Overpass API / OpenStreetMap,mapped playground locations across Greater London,London,node,4265487845,,,,,,51.5700801,0.1048226,2,"{""leisure"": ""playground"", ""source"": ""bing""}"
london_playgrounds_osm,Overpass API / OpenStreetMap,mapped playground locations across Greater London,London,node,4314539930,,,,,,51.4709868,-0.3280074,1,"{""leisure"": ""playground""}"
london_playgrounds_osm,Overpass API / OpenStreetMap,mapped playground locations across Greater London,London,node,4345162206,,,,,,51.5635,-0.1112886,1,"{""leisure"": ""playground""}"
london_playgrounds_osm,Overpass API / OpenStreetMap,mapped playground locations across Greater London,London,node,4346552099,,,,,,51.6297527,-0.0492239,2,"{""leisure"": ""playground"", ""source"": ""gps+mapnoter""}"
london_playgrounds_osm,Overpass API / OpenStreetMap,mapped playground locations across Greater London,London,node,4351817999,,,,,,51.5631405,-0.1138544,1,"{""leisure"": ""playground""}"
london_playgrounds_osm,Overpass API / OpenStreetMap,mapped playground locations across Greater London,London,node,4362046674,,,,,,51.5565115,-0.0784835,1,"{""leisure"": ""playground""}"
london_playgrounds_osm,Overpass API / OpenStreetMap,mapped playground locations across Greater London,London,node,4393353470,,,,,,51.5606377,0.1630354,2,"{""leisure"": ""playground"", ""source"": ""gps+mapnoter""}"
london_playgrounds_osm,Overpass API / OpenStreetMap,mapped playground locations across Greater London,London,node,4404063174,,,,,,51.540966,0.0724843,1,"{""leisure"": ""playground""}"
london_playgrounds_osm,Overpass API / OpenStreetMap,mapped playground locations across Greater London,London,node,4413395556,,,,,,51.5720709,-0.014029,1,"{""leisure"": ""playground""}"
london_playgrounds_osm,Overpass API / OpenStreetMap,mapped playground locations across Greater London,London,node,4441374317,,,,,,51.5054167,-0.0564988,1,"{""leisure"": ""playground""}"
london_playgrounds_osm,Overpass API / OpenStreetMap,mapped playground locations across Greater London,London,node,4455767286,,customers,,,,51.5546483,-0.1346248,3,"{""access"": ""customers"", ""leisure"": ""playground"", ""source"": ""gps+mapnoter""}"
london_playgrounds_osm,Overpass API / OpenStreetMap,mapped playground locations across Greater London,London,node,4467731972,,,,,,51.6632131,-0.0621005,1,"{""leisure"": ""playground""}"
london_playgrounds_osm,Overpass API / OpenStreetMap,mapped playground locations across Greater London,London,node,4467731973,,,,,,51.663427,-0.0619664,1,"{""leisure"": ""playground""}"
london_playgrounds_osm,Overpass API / OpenStreetMap,mapped playground locations across Greater London,London,node,4478049868,,,,,,51.526504,-0.0135273,2,"{""description"": ""play area of over fives"", ""leisure"": ""playground""}"
london_playgrounds_osm,Overpass API / OpenStreetMap,mapped playground locations across Greater London,London,node,4526674091,South Norwood Recreation Ground,yes,,,,51.39532,-0.0783436,5,"{""access"": ""yes"", ""leisure"": ""playground"", ""name"": ""South Norwood Recreation Ground"", ""toilets:wheelchair"": ""no"", ""wheelchair"": ""yes""}"
london_playgrounds_osm,Overpass API / OpenStreetMap,mapped playground locations across Greater London,London,node,4561916629,,,,,,51.5916929,-0.0006216,1,"{""leisure"": ""playground""}"
london_playgrounds_osm,Overpass API / OpenStreetMap,mapped playground locations across Greater London,London,node,4575506693,,,London & Quadrant,,,51.6034875,-0.0152904,3,"{""leisure"": ""playground"", ""operator"": ""London & Quadrant"", ""source"": ""survey""}"
london_playgrounds_osm,Overpass API / OpenStreetMap,mapped playground locations across Greater London,London,node,4643470501,,residents,,,,51.6076434,-0.0039916,3,"{""access"": ""residents"", ""leisure"": ""playground"", ""source"": ""survey""}"
london_playgrounds_osm,Overpass API / OpenStreetMap,mapped playground locations across Greater London,London,node,4700201905,,,,,,51.6418978,-0.0380778,3,"{""fixme"": ""pgtd"", ""leisure"": ""playground"", ""source"": ""gps+mapnoter""}"
london_playgrounds_osm,Overpass API / OpenStreetMap,mapped playground locations across Greater London,London,node,4721120231,,,,,,51.6052165,-0.284146,2,"{""leisure"": ""playground"", ""source"": ""gps+mapnoter""}"
london_playgrounds_osm,Overpass API / OpenStreetMap,mapped playground locations across Greater London,London,node,4721120244,,,,,,51.6046715,-0.2845931,2,"{""leisure"": ""playground"", ""source"": ""gps+mapnoter""}"
london_playgrounds_osm,Overpass API / OpenStreetMap,mapped playground locations across Greater London,London,node,4735866940,,,,,,51.5239603,-0.2216298,1,"{""leisure"": ""playground""}"
london_playgrounds_osm,Overpass API / OpenStreetMap,mapped playground locations across Greater London,London,node,4746119025,,,,,,51.5534226,-0.0976842,1,"{""leisure"": ""playground""}"
london_playgrounds_osm,Overpass API / OpenStreetMap,mapped playground locations across Greater London,London,node,4836980797,,,,,,51.5916261,-0.2621508,1,"{""leisure"": ""playground""}"
london_playgrounds_osm,Overpass API / OpenStreetMap,mapped playground locations across Greater London,London,node,4848974988,,yes,,,,51.5077128,-0.2950758,2,"{""access"": ""yes"", ""leisure"": ""playground""}"
london_playgrounds_osm,Overpass API / OpenStreetMap,mapped playground locations across Greater London,London,node,4883636474,,,,,,51.485913,-0.0564756,1,"{""leisure"": ""playground""}"
london_playgrounds_osm,Overpass API / OpenStreetMap,mapped playground locations across Greater London,London,node,4951670680,,yes,,,,51.5040485,0.1258119,2,"{""access"": ""yes"", ""leisure"": ""playground""}"
london_playgrounds_osm,Overpass API / OpenStreetMap,mapped playground locations across Greater London,London,node,4972060152,,yes,,,,51.5682317,0.0712419,3,"{""access"": ""yes"", ""leisure"": ""playground"", ""source"": ""gps+mapnoter""}"
london_playgrounds_osm,Overpass API / OpenStreetMap,mapped playground locations across Greater London,London,node,4976670149,,,London & Quadrant,,,51.6030529,-0.0142004,3,"{""leisure"": ""playground"", ""operator"": ""London & Quadrant"", ""source"": ""survey""}"
london_playgrounds_osm,Overpass API / OpenStreetMap,mapped playground locations across Greater London,London,node,5136533157,,yes,,,,51.5224714,-0.1689711,2,"{""access"": ""yes"", ""leisure"": ""playground""}"
london_playgrounds_osm,Overpass API / OpenStreetMap,mapped playground locations across Greater London,London,node,5199088954,Stoneybrook Play Equipment,,,,,43.0280099,-81.2615107,2,"{""leisure"": ""playground"", ""name"": ""Stoneybrook Play Equipment""}"
london_playgrounds_osm,Overpass API / OpenStreetMap,mapped playground locations across Greater London,London,node,5315174457,,,London & Quadrant,,,51.6031484,-0.0154081,3,"{""leisure"": ""playground"", ""min_age"": ""12"", ""operator"": ""London & Quadrant""}"
london_playgrounds_osm,Overpass API / OpenStreetMap,mapped playground locations across Greater London,London,node,5331971723,,,,,,51.571522,-0.0062738,1,"{""leisure"": ""playground""}"
london_playgrounds_osm,Overpass API / OpenStreetMap,mapped playground locations across Greater London,London,node,5353278947,,,,,,51.4967393,-0.0664879,1,"{""leisure"": ""playground""}"
london_playgrounds_osm,Overpass API / OpenStreetMap,mapped playground locations across Greater London,London,node,5364065782,,,,,,51.5908541,0.2262898,1,"{""leisure"": ""playground""}"
london_playgrounds_osm,Overpass API / OpenStreetMap,mapped playground locations across Greater London,London,node,5370783340,Kidspace Romford,customers,Kidspace Romford,,,51.5746374,0.1793634,8,"{""access"": ""customers"", ""contact:instagram"": ""https://www.instagram.com/kidspaceromford/"", ""indoor"": ""yes"", ""leisure"": ""playground"", ""name"": ""Kidspace Romford"", ""operator"": ""Kidspace Romford"", ""toilets:wheelchair"": ""yes"", ""wheelchair"": ""yes""}"
london_playgrounds_osm,Overpass API / OpenStreetMap,mapped playground locations across Greater London,London,node,5590326343,Den Arena,,,,,51.4860742,-0.3560588,2,"{""leisure"": ""playground"", ""name"": ""Den Arena""}"
london_playgrounds_osm,Overpass API / OpenStreetMap,mapped playground locations across Greater London,London,node,5590326350,,,,,,51.4868995,-0.3572184,1,"{""leisure"": ""playground""}"
london_playgrounds_osm,Overpass API / OpenStreetMap,mapped playground locations across Greater London,London,node,5599092643,,,,,,42.9959296,-81.3222938,1,"{""leisure"": ""playground""}"
london_playgrounds_osm,Overpass API / OpenStreetMap,mapped playground locations across Greater London,London,node,5604640610,,,,,,51.4774606,-0.1396519,1,"{""leisure"": ""playground""}"
london_playgrounds_osm,Overpass API / OpenStreetMap,mapped playground locations across Greater London,London,node,5612658697,,,,,,51.587758,0.0364942,1,"{""leisure"": ""playground""}"
london_playgrounds_osm,Overpass API / OpenStreetMap,mapped playground locations across Greater London,London,node,5627476566,,yes,,,,51.4692542,-0.1009503,2,"{""access"": ""yes"", ""leisure"": ""playground""}"
london_playgrounds_osm,Overpass API / OpenStreetMap,mapped playground locations across Greater London,London,node,5828193788,Woodland Trail,,,,,51.543939,-0.0079146,4,"{""check_date"": ""2024-11-12"", ""leisure"": ""playground"", ""level"": ""-1"", ""name"": ""Woodland Trail""}"
london_playgrounds_osm,Overpass API / OpenStreetMap,mapped playground locations across Greater London,London,node,5837200429,Kidspace Adventures,,,,,51.3567012,-0.1149063,11,"{""addr:city"": ""Croydon"", ""addr:housename"": ""Colonnades"", ""addr:housenumber"": ""619"", ""addr:postcode"": ""CR0 4RQ"", ""addr:street"": ""Purley Way"", ""addr:unit"": ""3"", ""contact:instagram"": ""https://www.instagram.com/kidspacecroydon/"", ""fhrs:authority"": ""Croydon"", ""fhrs:id"": ""22471"", ""leisure"": ""playground"", ""name"": ""Kidspace Adventures""}"
london_playgrounds_osm,Overpass API / OpenStreetMap,mapped playground locations across Greater London,London,node,5837230222,,,,,,51.4702037,-0.0838844,1,"{""leisure"": ""playground""}"
london_playgrounds_osm,Overpass API / OpenStreetMap,mapped playground locations across Greater London,London,node,5838572886,,,,,,51.4798311,-0.0667548,1,"{""leisure"": ""playground""}"
london_playgrounds_osm,Overpass API / OpenStreetMap,mapped playground locations across Greater London,London,node,5838572887,,,,,,51.4809202,-0.0665295,1,"{""leisure"": ""playground""}"
london_playgrounds_osm,Overpass API / OpenStreetMap,mapped playground locations across Greater London,London,node,5846641277,,,,,,51.4801075,-0.0557792,1,"{""leisure"": ""playground""}"
london_playgrounds_osm,Overpass API / OpenStreetMap,mapped playground locations across Greater London,London,node,5861200424,,,,,,51.4813386,-0.067876,1,"{""leisure"": ""playground""}"
london_playgrounds_osm,Overpass API / OpenStreetMap,mapped playground locations across Greater London,London,node,5868259095,,,,,,51.4719734,-0.0815512,1,"{""leisure"": ""playground""}"
london_playgrounds_osm,Overpass API / OpenStreetMap,mapped playground locations across Greater London,London,node,5868259096,,,,,,51.4719642,-0.0818436,1,"{""leisure"": ""playground""}"
london_playgrounds_osm,Overpass API / OpenStreetMap,mapped playground locations across Greater London,London,node,5871332574,,,,,,51.4726768,-0.0829098,1,"{""leisure"": ""playground""}"
london_playgrounds_osm,Overpass API / OpenStreetMap,mapped playground locations across Greater London,London,node,5907274360,,,,,,51.6036356,-0.0130183,1,"{""leisure"": ""playground""}"
london_playgrounds_osm,Overpass API / OpenStreetMap,mapped playground locations across Greater London,London,node,5914455050,,,,,,51.3700965,0.0434561,1,"{""leisure"": ""playground""}"
london_playgrounds_osm,Overpass API / OpenStreetMap,mapped playground locations across Greater London,London,node,6066940995,,yes,Wandsworth,,,51.4640037,-0.2523521,5,"{""access"": ""yes"", ""leisure"": ""playground"", ""max_age"": ""8"", ""opening_hours"": ""09:00-dusk"", ""operator"": ""Wandsworth""}"
london_playgrounds_osm,Overpass API / OpenStreetMap,mapped playground locations across Greater London,London,node,6329682566,Crayzee Barn,customers,,,,51.4328948,0.1398008,8,"{""access"": ""customers"", ""addr:city"": ""Sidcup"", ""addr:postcode"": ""DA14 5ET"", ""addr:street"": ""Water Lane"", ""fhrs:id"": ""329266"", ""leisure"": ""playground"", ""name"": ""Crayzee Barn"", ""source:addr"": ""FHRS Open Data""}"
london_playgrounds_osm,Overpass API / OpenStreetMap,mapped playground locations across Greater London,London,node,6372629402,Vista Woods Park Playground,yes,City of London,woodchips,,43.0201836,-81.3190199,5,"{""access"": ""yes"", ""leisure"": ""playground"", ""name"": ""Vista Woods Park Playground"", ""operator"": ""City of London"", ""surface"": ""woodchips""}"
london_playgrounds_osm,Overpass API / OpenStreetMap,mapped playground locations across Greater London,London,node,6476830030,,yes,,,,51.4800606,-0.0917997,2,"{""access"": ""yes"", ""leisure"": ""playground""}"
london_playgrounds_osm,Overpass API / OpenStreetMap,mapped playground locations across Greater London,London,node,6501707720,,,,,,51.5246427,-0.1744865,1,"{""leisure"": ""playground""}"
london_playgrounds_osm,Overpass API / OpenStreetMap,mapped playground locations across Greater London,London,node,6566451007,,,,,,51.4900701,-0.0396127,1,"{""leisure"": ""playground""}"
london_playgrounds_osm,Overpass API / OpenStreetMap,mapped playground locations across Greater London,London,node,6566451008,,yes,,,,51.4914445,-0.0381133,2,"{""access"": ""yes"", ""leisure"": ""playground""}"
london_playgrounds_osm,Overpass API / OpenStreetMap,mapped playground locations across Greater London,London,node,6571018305,,yes,,,,51.5116531,-0.0515427,2,"{""access"": ""yes"", ""leisure"": ""playground""}"
london_playgrounds_osm,Overpass API / OpenStreetMap,mapped playground locations across Greater London,London,node,6582894685,Sindbads,,,,,51.4120062,-0.2332248,7,"{""fhrs:id"": ""585664"", ""leisure"": ""playground"", ""name"": ""Sindbads"", ""note"": ""Tag leisure=indoor_play is not widely used, so using mainstream tagging"", ""opening_hours"": ""Mo-Sa 09:00-18:00; Su 09:30-15:00"", ""phone"": ""+44 20 8947 7987"", ""website"": ""http://www.sindbads.co.uk/""}"
london_playgrounds_osm,Overpass API / OpenStreetMap,mapped playground locations across Greater London,London,node,6802562302,,yes,,,,51.4660589,-0.2768553,2,"{""access"": ""yes"", ""leisure"": ""playground""}"
london_playgrounds_osm,Overpass API / OpenStreetMap,mapped playground locations across Greater London,London,node,6834471512,,yes,,,,51.51107,-0.0206722,2,"{""access"": ""yes"", ""leisure"": ""playground""}"
london_playgrounds_osm,Overpass API / OpenStreetMap,mapped playground locations across Greater London,London,node,7120377647,,,,,,51.5583708,-0.3987058,1,"{""leisure"": ""playground""}"
london_playgrounds_osm,Overpass API / OpenStreetMap,mapped playground locations across Greater London,London,node,7257343594,,,,,,51.5241175,-0.2109285,1,"{""leisure"": ""playground""}"
london_playgrounds_osm,Overpass API / OpenStreetMap,mapped playground locations across Greater London,London,node,7295269083,Poplar Community Scooter Park,,,,,51.4023398,-0.2011415,2,"{""leisure"": ""playground"", ""name"": ""Poplar Community Scooter Park""}"
london_playgrounds_osm,Overpass API / OpenStreetMap,mapped playground locations across Greater London,London,node,7367260034,,,,,,51.4801042,-0.2768041,1,"{""leisure"": ""playground""}"
london_playgrounds_osm,Overpass API / OpenStreetMap,mapped playground locations across Greater London,London,node,7368656958,,,,,,51.6007315,-0.0271735,2,"{""leisure"": ""playground"", ""source"": ""survey""}"
london_playgrounds_osm,Overpass API / OpenStreetMap,mapped playground locations across Greater London,London,node,7368736439,,,,,,51.6019261,-0.0291207,2,"{""leisure"": ""playground"", ""source"": ""survey""}"
london_playgrounds_osm,Overpass API / OpenStreetMap,mapped playground locations across Greater London,London,node,7379902913,,yes,,,,51.5936964,-0.3283822,2,"{""access"": ""yes"", ""leisure"": ""playground""}"
london_playgrounds_osm,Overpass API / OpenStreetMap,mapped playground locations across Greater London,London,node,7558971697,,yes,,,,51.6018046,-0.333366,2,"{""access"": ""yes"", ""leisure"": ""playground""}"
london_playgrounds_osm,Overpass API / OpenStreetMap,mapped playground locations across Greater London,London,node,7653807998,,yes,,,,51.3875439,-0.217613,2,"{""access"": ""yes"", ""leisure"": ""playground""}"
london_playgrounds_osm,Overpass API / OpenStreetMap,mapped playground locations across Greater London,London,node,7741984418,,yes,,,,51.5874148,-0.3235348,2,"{""access"": ""yes"", ""leisure"": ""playground""}"
london_playgrounds_osm,Overpass API / OpenStreetMap,mapped playground locations across Greater London,London,node,7799521353,,,,,,51.5527116,-0.1541422,1,"{""leisure"": ""playground""}"
london_playgrounds_osm,Overpass API / OpenStreetMap,mapped playground locations across Greater London,London,node,7822741997,Splash Zone,,,,,51.4887953,-0.2903464,2,"{""leisure"": ""playground"", ""name"": ""Splash Zone""}"
london_playgrounds_osm,Overpass API / OpenStreetMap,mapped playground locations across Greater London,London,node,7835855591,,yes,,,,51.51094,0.1329792,2,"{""access"": ""yes"", ""leisure"": ""playground""}"
london_playgrounds_osm,Overpass API / OpenStreetMap,mapped playground locations across Greater London,London,node,7841628523,Russell Nursery,,,,,51.5524613,-0.1625124,2,"{""leisure"": ""playground"", ""name"": ""Russell Nursery""}"
london_playgrounds_osm,Overpass API / OpenStreetMap,mapped playground locations across Greater London,London,node,7857851261,,,,,,51.5171252,0.2044179,1,"{""leisure"": ""playground""}"
london_playgrounds_osm,Overpass API / OpenStreetMap,mapped playground locations across Greater London,London,node,7911128502,Gambado,,,,,51.474187,-0.1835258,10,"{""addr:city"": ""London"", ""addr:housenumber"": ""7"", ""addr:postcode"": ""SW6 2PY"", ""addr:street"": ""Townmead Road"", ""alt_name"": ""Gambado Chelsea"", ""contact:phone"": ""+44 20 7384 1635"", ""contact:website"": ""https://www.gambado.com/locations/chelsea"", ""indoor"": ""yes"", ""leisure"": ""playground"", ""name"": ""Gambado""}"
london_playgrounds_osm,Overpass API / OpenStreetMap,mapped playground locations across Greater London,London,node,8222245571,,yes,,,,51.4304705,0.0083561,2,"{""access"": ""yes"", ""leisure"": ""playground""}"
london_playgrounds_osm,Overpass API / OpenStreetMap,mapped playground locations across Greater London,London,node,8329510065,,,,,,42.9746154,-81.2269364,1,"{""leisure"": ""playground""}"
london_playgrounds_osm,Overpass API / OpenStreetMap,mapped playground locations across Greater London,London,node,8331899225,,,,,,51.4367573,-0.1221491,1,"{""leisure"": ""playground""}"
london_playgrounds_osm,Overpass API / OpenStreetMap,mapped playground locations across Greater London,London,node,8483931387,,yes,,,,51.5015588,-0.1096488,2,"{""access"": ""yes"", ""leisure"": ""playground""}"
london_playgrounds_osm,Overpass API / OpenStreetMap,mapped playground locations across Greater London,London,node,8553393302,,yes,,,,51.5289904,-0.00662,2,"{""access"": ""yes"", ""leisure"": ""playground""}"
london_playgrounds_osm,Overpass API / OpenStreetMap,mapped playground locations across Greater London,London,node,8627065857,,private,,,,51.4979912,-0.3086969,2,"{""access"": ""private"", ""leisure"": ""playground""}"
london_playgrounds_osm,Overpass API / OpenStreetMap,mapped playground locations across Greater London,London,node,8629107745,,,,,,51.4318079,-0.182713,1,"{""leisure"": ""playground""}"
london_playgrounds_osm,Overpass API / OpenStreetMap,mapped playground locations across Greater London,London,node,8629667751,,customers,,,,51.4972377,-0.3121961,2,"{""access"": ""customers"", ""leisure"": ""playground""}"
london_playgrounds_osm,Overpass API / OpenStreetMap,mapped playground locations across Greater London,London,node,8640312515,Naseberry Court Play Area,,,,,51.6109469,-0.0038236,2,"{""leisure"": ""playground"", ""name"": ""Naseberry Court Play Area""}"
london_playgrounds_osm,Overpass API / OpenStreetMap,mapped playground locations across Greater London,London,node,8693812115,,,,,,51.6090122,-0.0270791,1,"{""leisure"": ""playground""}"
london_playgrounds_osm,Overpass API / OpenStreetMap,mapped playground locations across Greater London,London,node,8718621587,,,,,,51.4345686,-0.187605,1,"{""leisure"": ""playground""}"
london_playgrounds_osm,Overpass API / OpenStreetMap,mapped playground locations across Greater London,London,node,8747137887,,,,,,51.5514473,-0.1942163,1,"{""leisure"": ""playground""}"
london_playgrounds_osm,Overpass API / OpenStreetMap,mapped playground locations across Greater London,London,node,8833972846,,,,,,51.5010101,-0.2524557,1,"{""leisure"": ""playground""}"
london_playgrounds_osm,Overpass API / OpenStreetMap,mapped playground locations across Greater London,London,node,8883436077,Small Playground,private,Wellington Mills Estate,,,51.4977434,-0.1108525,4,"{""access"": ""private"", ""leisure"": ""playground"", ""name"": ""Small Playground"", ""operator"": ""Wellington Mills Estate""}"
london_playgrounds_osm,Overpass API / OpenStreetMap,mapped playground locations across Greater London,London,node,8883436078,Big Playground,private,Wellington Mills Estate,,,51.4977065,-0.1117279,4,"{""access"": ""private"", ""leisure"": ""playground"", ""name"": ""Big Playground"", ""operator"": ""Wellington Mills Estate""}"
london_playgrounds_osm,Overpass API / OpenStreetMap,mapped playground locations across Greater London,London,node,8979004400,,yes,,,,51.5307161,-0.0076285,2,"{""access"": ""yes"", ""leisure"": ""playground""}"
london_playgrounds_osm,Overpass API / OpenStreetMap,mapped playground locations across Greater London,London,node,8999414959,,yes,,,,51.4646549,-0.3795617,2,"{""access"": ""yes"", ""leisure"": ""playground""}"
london_playgrounds_osm,Overpass API / OpenStreetMap,mapped playground locations across Greater London,London,node,9018024597,,,,,,51.4311285,-0.0812119,1,"{""leisure"": ""playground""}"
london_playgrounds_osm,Overpass API / OpenStreetMap,mapped playground locations across Greater London,London,node,9032789682,,,,,,51.6086128,-0.0067844,1,"{""leisure"": ""playground""}"
london_playgrounds_osm,Overpass API / OpenStreetMap,mapped playground locations across Greater London,London,node,9042067141,Teletubby Land,private,,,,51.4935138,0.010823,3,"{""access"": ""private"", ""leisure"": ""playground"", ""name"": ""Teletubby Land""}"
london_playgrounds_osm,Overpass API / OpenStreetMap,mapped playground locations across Greater London,London,node,9166265095,,yes,,,,51.5367834,-0.022689,2,"{""access"": ""yes"", ""leisure"": ""playground""}"
london_playgrounds_osm,Overpass API / OpenStreetMap,mapped playground locations across Greater London,London,node,9173826866,,,,,,51.4944725,-0.2183961,1,"{""leisure"": ""playground""}"
london_playgrounds_osm,Overpass API / OpenStreetMap,mapped playground locations across Greater London,London,node,9204665733,Point pocket Park play area,,,,,51.4673294,-0.2154458,2,"{""leisure"": ""playground"", ""name"": ""Point pocket Park play area""}"
london_playgrounds_osm,Overpass API / OpenStreetMap,mapped playground locations across Greater London,London,node,9349142948,,yes,,,,51.4089058,-0.3337006,2,"{""access"": ""yes"", ""leisure"": ""playground""}"
london_playgrounds_osm,Overpass API / OpenStreetMap,mapped playground locations across Greater London,London,node,9423469062,,,,,,51.6015604,-0.0284371,2,"{""leisure"": ""playground"", ""source"": ""survey""}"
london_playgrounds_osm,Overpass API / OpenStreetMap,mapped playground locations across Greater London,London,node,9428563165,,,,,,51.5456635,-0.2279441,1,"{""leisure"": ""playground""}"
london_playgrounds_osm,Overpass API / OpenStreetMap,mapped playground locations across Greater London,London,node,9442802885,,,,,,51.5895919,0.0012012,1,"{""leisure"": ""playground""}"
london_playgrounds_osm,Overpass API / OpenStreetMap,mapped playground locations across Greater London,London,node,9494983769,,private,,,,51.5332473,-0.1692296,2,"{""access"": ""private"", ""leisure"": ""playground""}"
london_playgrounds_osm,Overpass API / OpenStreetMap,mapped playground locations across Greater London,London,node,9524822925,,,,,,51.5124709,-0.0739563,1,"{""leisure"": ""playground""}"
london_playgrounds_osm,Overpass API / OpenStreetMap,mapped playground locations across Greater London,London,node,9590833015,,private,,,,51.5465808,-0.002595,2,"{""access"": ""private"", ""leisure"": ""playground""}"
london_playgrounds_osm,Overpass API / OpenStreetMap,mapped playground locations across Greater London,London,node,9590833016,,private,,,,51.5467401,-0.0027441,2,"{""access"": ""private"", ""leisure"": ""playground""}"
london_playgrounds_osm,Overpass API / OpenStreetMap,mapped playground locations across Greater London,London,node,9590918417,,private,,,,51.5469762,-0.0030432,2,"{""access"": ""private"", ""leisure"": ""playground""}"
london_playgrounds_osm,Overpass API / OpenStreetMap,mapped playground locations across Greater London,London,node,9643871660,,,,,,51.5252444,-0.4313301,1,"{""leisure"": ""playground""}"
london_playgrounds_osm,Overpass API / OpenStreetMap,mapped playground locations across Greater London,London,node,9657329033,,,,,,51.5878066,-0.0689076,1,"{""leisure"": ""playground""}"
london_playgrounds_osm,Overpass API / OpenStreetMap,mapped playground locations across Greater London,London,node,9893329788,,,,,,51.5821796,0.0007938,1,"{""leisure"": ""playground""}"
london_playgrounds_osm,Overpass API / OpenStreetMap,mapped playground locations across Greater London,London,node,9906218770,Jumping Pillow,customers,,,,51.4566388,-0.3978978,3,"{""access"": ""customers"", ""leisure"": ""playground"", ""name"": ""Jumping Pillow""}"
london_playgrounds_osm,Overpass API / OpenStreetMap,mapped playground locations across Greater London,London,node,9906218771,Mining Village,customers,,,,51.456608,-0.3972765,3,"{""access"": ""customers"", ""leisure"": ""playground"", ""name"": ""Mining Village""}"
london_playgrounds_osm,Overpass API / OpenStreetMap,mapped playground locations across Greater London,London,node,9906218772,Jumping Pillow,customers,,,,51.4566261,-0.3968864,3,"{""access"": ""customers"", ""leisure"": ""playground"", ""name"": ""Jumping Pillow""}"
london_playgrounds_osm,Overpass API / OpenStreetMap,mapped playground locations across Greater London,London,node,9913358561,,yes,,,,51.3781117,0.0152068,2,"{""access"": ""yes"", ""leisure"": ""playground""}"
london_playgrounds_osm,Overpass API / OpenStreetMap,mapped playground locations across Greater London,London,node,9955140840,,yes,,,,51.5164315,-0.0401579,2,"{""access"": ""yes"", ""leisure"": ""playground""}"
london_playgrounds_osm,Overpass API / OpenStreetMap,mapped playground locations across Greater London,London,node,9993520811,,,,,,51.5555324,-0.1973864,1,"{""leisure"": ""playground""}"
london_playgrounds_osm,Overpass API / OpenStreetMap,mapped playground locations across Greater London,London,node,10012367400,,customers,,,,51.5185532,-0.0560232,2,"{""access"": ""customers"", ""leisure"": ""playground""}"
london_playgrounds_osm,Overpass API / OpenStreetMap,mapped playground locations across Greater London,London,node,10142966075,,,,,,35.3335279,-93.2469811,1,"{""leisure"": ""playground""}"
london_playgrounds_osm,Overpass API / OpenStreetMap,mapped playground locations across Greater London,London,node,10143163717,,yes,,,,51.5291779,-0.0598353,2,"{""access"": ""yes"", ""leisure"": ""playground""}"
london_playgrounds_osm,Overpass API / OpenStreetMap,mapped playground locations across Greater London,London,node,10186721888,,private,,,,51.4923865,0.0153031,3,"{""access"": ""private"", ""leisure"": ""playground"", ""playground:theme"": ""playground""}"
london_playgrounds_osm,Overpass API / OpenStreetMap,mapped playground locations across Greater London,London,node,10202584230,,,,,,51.4999749,-0.2866527,1,"{""leisure"": ""playground""}"
london_playgrounds_osm,Overpass API / OpenStreetMap,mapped playground locations across Greater London,London,node,10294904195,Disney Playworld,,,,,51.5437929,-0.0087279,4,"{""check_date"": ""2025-02-18"", ""leisure"": ""playground"", ""level"": ""1"", ""name"": ""Disney Playworld""}"
london_playgrounds_osm,Overpass API / OpenStreetMap,mapped playground locations across Greater London,London,node,10597022957,,,,,,51.5500792,-0.2391337,1,"{""leisure"": ""playground""}"
london_playgrounds_osm,Overpass API / OpenStreetMap,mapped playground locations across Greater London,London,node,10604066000,,,,,,51.4324298,-0.0195508,9,"{""check_date"": ""2023-08-26"", ""indoor_play"": ""soft_play"", ""leisure"": ""playground"", ""level"": ""0"", ""max_age"": ""8"", ""payment:credit_cards"": ""yes"", ""payment:debit_cards"": ""yes"", ""payment:mastercard"": ""yes"", ""payment:visa"": ""yes""}"
london_playgrounds_osm,Overpass API / OpenStreetMap,mapped playground locations across Greater London,London,node,10657262331,Clarendon Play Area,yes,POD Management,woodchips,,51.5920585,-0.1119362,6,"{""access"": ""yes"", ""leisure"": ""playground"", ""name"": ""Clarendon Play Area"", ""opening_hours"": ""Mo-Su 09:00-18:00"", ""operator"": ""POD Management"", ""surface"": ""woodchips""}"
london_playgrounds_osm,Overpass API / OpenStreetMap,mapped playground locations across Greater London,London,node,10699812947,,,,,,51.4096921,0.0942652,3,"{""informal"": ""yes"", ""leisure"": ""playground"", ""note"": ""Lines from trees to swing on""}"
london_playgrounds_osm,Overpass API / OpenStreetMap,mapped playground locations across Greater London,London,node,10708191659,,,,,,51.4838022,-0.0911632,1,"{""leisure"": ""playground""}"
london_playgrounds_osm,Overpass API / OpenStreetMap,mapped playground locations across Greater London,London,node,10708191660,,,,,,51.4836144,-0.0910494,1,"{""leisure"": ""playground""}"
london_playgrounds_osm,Overpass API / OpenStreetMap,mapped playground locations across Greater London,London,node,10739673327,,,,,,43.0045917,-81.2168196,1,"{""leisure"": ""playground""}"
london_playgrounds_osm,Overpass API / OpenStreetMap,mapped playground locations across Greater London,London,node,10754526297,,,,,,51.5480428,-0.1164749,1,"{""leisure"": ""playground""}"
london_playgrounds_osm,Overpass API / OpenStreetMap,mapped playground locations across Greater London,London,node,10768915540,,,,,,43.0187979,-81.2459321,1,"{""leisure"": ""playground""}"
london_playgrounds_osm,Overpass API / OpenStreetMap,mapped playground locations across Greater London,London,node,10768920425,,,,,,43.0191535,-81.245997,1,"{""leisure"": ""playground""}"
london_playgrounds_osm,Overpass API / OpenStreetMap,mapped playground locations across Greater London,London,node,10864715697,,,,,,51.5533787,0.0700134,1,"{""leisure"": ""playground""}"
london_playgrounds_osm,Overpass API / OpenStreetMap,mapped playground locations across Greater London,London,node,10891747741,,,,,,43.0197788,-81.1839439,1,"{""leisure"": ""playground""}"
london_playgrounds_osm,Overpass API / OpenStreetMap,mapped playground locations across Greater London,London,node,11083977221,,yes,,,,51.5026985,-0.1721619,2,"{""access"": ""yes"", ""leisure"": ""playground""}"
london_playgrounds_osm,Overpass API / OpenStreetMap,mapped playground locations across Greater London,London,node,11164736553,Stamford Road Park Playground,yes,,paved,,51.583276,-0.0655496,7,"{""access"": ""yes"", ""dog"": ""no"", ""leisure"": ""playground"", ""max_age"": ""12"", ""min_age"": ""0"", ""name"": ""Stamford Road Park Playground"", ""surface"": ""paved""}"
london_playgrounds_osm,Overpass API / OpenStreetMap,mapped playground locations across Greater London,London,node,11185865586,Flip Out Hounslow,,,,,51.4694424,-0.3618844,3,"{""indoor"": ""yes"", ""leisure"": ""playground"", ""name"": ""Flip Out Hounslow""}"
london_playgrounds_osm,Overpass API / OpenStreetMap,mapped playground locations across Greater London,London,node,11398460506,,,,,,37.1192747,-84.091611,1,"{""leisure"": ""playground""}"
london_playgrounds_osm,Overpass API / OpenStreetMap,mapped playground locations across Greater London,London,node,11399366433,,,,,,37.1331536,-84.0865389,1,"{""leisure"": ""playground""}"
london_playgrounds_osm,Overpass API / OpenStreetMap,mapped playground locations across Greater London,London,node,11434865675,,yes,,,,51.506262,-0.3901359,2,"{""access"": ""yes"", ""leisure"": ""playground""}"
london_playgrounds_osm,Overpass API / OpenStreetMap,mapped playground locations across Greater London,London,node,11495736614,,,,,spinner_bowl,51.587474,0.0763656,2,"{""leisure"": ""playground"", ""playground"": ""spinner_bowl""}"
london_playgrounds_osm,Overpass API / OpenStreetMap,mapped playground locations across Greater London,London,node,11772130104,,customers,,,,51.5041443,0.0475281,2,"{""access"": ""customers"", ""leisure"": ""playground""}"
london_playgrounds_osm,Overpass API / OpenStreetMap,mapped playground locations across Greater London,London,node,11815943608,Scott Rose Foundation Playground & Musical Park,,,,,37.1201246,-84.0603479,2,"{""leisure"": ""playground"", ""name"": ""Scott Rose Foundation Playground & Musical Park""}"
london_playgrounds_osm,Overpass API / OpenStreetMap,mapped playground locations across Greater London,London,node,11819804850,,,,,,37.1103883,-84.0759395,1,"{""leisure"": ""playground""}"
london_playgrounds_osm,Overpass API / OpenStreetMap,mapped playground locations across Greater London,London,node,11819821175,,,,,,37.1202542,-84.0609364,1,"{""leisure"": ""playground""}"
london_playgrounds_osm,Overpass API / OpenStreetMap,mapped playground locations across Greater London,London,node,12003386842,,residents,Homes For Haringey,,,51.5789424,-0.1075088,4,"{""access"": ""residents"", ""indoor"": ""no"", ""leisure"": ""playground"", ""operator"": ""Homes For Haringey""}"
london_playgrounds_osm,Overpass API / OpenStreetMap,mapped playground locations across Greater London,London,node,12057037917,,,,,,51.5515702,-0.1404914,1,"{""leisure"": ""playground""}"
london_playgrounds_osm,Overpass API / OpenStreetMap,mapped playground locations across Greater London,London,node,12068878622,,,,,,51.5332339,0.0777747,1,"{""leisure"": ""playground""}"
london_playgrounds_osm,Overpass API / OpenStreetMap,mapped playground locations across Greater London,London,node,12070432704,,,,,,51.536129,-0.2901587,1,"{""leisure"": ""playground""}"
london_playgrounds_osm,Overpass API / OpenStreetMap,mapped playground locations across Greater London,London,node,12426008191,,,,,,51.5011128,0.0248579,1,"{""leisure"": ""playground""}"
camden_playgrounds_osm,Overpass API / OpenStreetMap,mapped playground locations in the London Borough of Camden,Camden,node,9509383332,,,,,splash_pad,39.9442458,-75.1306947,2,"{""leisure"": ""playground"", ""playground"": ""splash_pad""}"
camden_playgrounds_osm,Overpass API / OpenStreetMap,mapped playground locations in the London Borough of Camden,Camden,way,29754061,,,,,,39.9338903,-75.0965661,1,"{""leisure"": ""playground""}"
camden_playgrounds_osm,Overpass API / OpenStreetMap,mapped playground locations in the London Borough of Camden,Camden,way,30086371,,,,,,39.9488228,-75.0779288,2,"{""created_by"": ""Potlatch 0.10f"", ""leisure"": ""playground""}"
camden_playgrounds_osm,Overpass API / OpenStreetMap,mapped playground locations in the London Borough of Camden,Camden,way,30086373,,,,,,39.9485521,-75.0778593,1,"{""leisure"": ""playground""}"
camden_playgrounds_osm,Overpass API / OpenStreetMap,mapped playground locations in the London Borough of Camden,Camden,way,31658217,,,,,,-34.0696126,150.6933153,2,"{""leisure"": ""playground"", ""source"": ""survey""}"
camden_playgrounds_osm,Overpass API / OpenStreetMap,mapped playground locations in the London Borough of Camden,Camden,way,35910270,,,,,,-34.0587192,150.6914294,2,"{""leisure"": ""playground"", ""source"": ""survey""}"
camden_playgrounds_osm,Overpass API / OpenStreetMap,mapped playground locations in the London Borough of Camden,Camden,way,35910274,,,,,,-34.0551824,150.6989071,2,"{""leisure"": ""playground"", ""source"": ""survey""}"
camden_playgrounds_osm,Overpass API / OpenStreetMap,mapped playground locations in the London Borough of Camden,Camden,way,35910321,,,,,,-34.0643466,150.6949201,2,"{""leisure"": ""playground"", ""source"": ""survey""}"
camden_playgrounds_osm,Overpass API / OpenStreetMap,mapped playground locations in the London Borough of Camden,Camden,way,35910324,,,,,,-34.0701208,150.6987903,1,"{""leisure"": ""playground""}"
camden_playgrounds_osm,Overpass API / OpenStreetMap,mapped playground locations in the London Borough of Camden,Camden,way,37520168,,,,,,-34.0635727,150.6912856,2,"{""leisure"": ""playground"", ""source"": ""survey""}"
camden_playgrounds_osm,Overpass API / OpenStreetMap,mapped playground locations in the London Borough of Camden,Camden,way,38753356,,,,,,-34.059307,150.6953209,3,"{""layer"": ""-1"", ""leisure"": ""playground"", ""source"": ""survey""}"
camden_playgrounds_osm,Overpass API / OpenStreetMap,mapped playground locations in the London Borough of Camden,Camden,way,40664486,,,,,,-34.0557523,150.6928475,3,"{""layer"": ""-1"", ""leisure"": ""playground"", ""source"": ""survey""}"
camden_playgrounds_osm,Overpass API / OpenStreetMap,mapped playground locations in the London Borough of Camden,Camden,way,265133822,,,,,,39.9536815,-75.1217658,1,"{""leisure"": ""playground""}"
camden_playgrounds_osm,Overpass API / OpenStreetMap,mapped playground locations in the London Borough of Camden,Camden,way,265133831,,,,,,39.9528231,-75.1177874,1,"{""leisure"": ""playground""}"
camden_playgrounds_osm,Overpass API / OpenStreetMap,mapped playground locations in the London Borough of Camden,Camden,way,265133832,,,,,,39.9552498,-75.1246604,1,"{""leisure"": ""playground""}"
camden_playgrounds_osm,Overpass API / OpenStreetMap,mapped playground locations in the London Borough of Camden,Camden,way,265133991,,,,,,39.9540155,-75.1181619,1,"{""leisure"": ""playground""}"
camden_playgrounds_osm,Overpass API / OpenStreetMap,mapped playground locations in the London Borough of Camden,Camden,way,265451600,,,,,,39.9581341,-75.0909166,1,"{""leisure"": ""playground""}"
camden_playgrounds_osm,Overpass API / OpenStreetMap,mapped playground locations in the London Borough of Camden,Camden,way,268570066,,,,,,39.6324734,-84.6490651,2,"{""leisure"": ""playground"", ""wheelchair"": ""limited""}"
camden_playgrounds_osm,Overpass API / OpenStreetMap,mapped playground locations in the London Borough of Camden,Camden,way,268573836,,,,,,39.6342919,-84.6428544,1,"{""leisure"": ""playground""}"
camden_playgrounds_osm,Overpass API / OpenStreetMap,mapped playground locations in the London Borough of Camden,Camden,way,361768940,,,,,,39.9023244,-75.1034379,1,"{""leisure"": ""playground""}"
camden_playgrounds_osm,Overpass API / OpenStreetMap,mapped playground locations in the London Borough of Camden,Camden,way,361774721,,,,,,39.9118823,-75.1087477,1,"{""leisure"": ""playground""}"
camden_playgrounds_osm,Overpass API / OpenStreetMap,mapped playground locations in the London Borough of Camden,Camden,way,361969749,,,,,,39.9466364,-75.1170656,1,"{""leisure"": ""playground""}"
camden_playgrounds_osm,Overpass API / OpenStreetMap,mapped playground locations in the London Borough of Camden,Camden,way,361976632,,,,,,39.9400513,-75.1169046,1,"{""leisure"": ""playground""}"
camden_playgrounds_osm,Overpass API / OpenStreetMap,mapped playground locations in the London Borough of Camden,Camden,way,361985205,,,,,,39.9553357,-75.1149626,1,"{""leisure"": ""playground""}"
camden_playgrounds_osm,Overpass API / OpenStreetMap,mapped playground locations in the London Borough of Camden,Camden,way,362039746,,,,,,39.9211756,-75.1109706,1,"{""leisure"": ""playground""}"
camden_playgrounds_osm,Overpass API / OpenStreetMap,mapped playground locations in the London Borough of Camden,Camden,way,362046935,,,,,,39.9438576,-75.086633,1,"{""leisure"": ""playground""}"
camden_playgrounds_osm,Overpass API / OpenStreetMap,mapped playground locations in the London Borough of Camden,Camden,way,362047338,,,,,,39.9431961,-75.0926278,1,"{""leisure"": ""playground""}"
camden_playgrounds_osm,Overpass API / OpenStreetMap,mapped playground locations in the London Borough of Camden,Camden,way,362047446,,,,,,39.9442534,-75.0939056,1,"{""leisure"": ""playground""}"
camden_playgrounds_osm,Overpass API / OpenStreetMap,mapped playground locations in the London Borough of Camden,Camden,way,362297541,,,,,,39.9500367,-75.0881549,1,"{""leisure"": ""playground""}"
camden_playgrounds_osm,Overpass API / OpenStreetMap,mapped playground locations in the London Borough of Camden,Camden,way,362297549,,,,,,39.9502557,-75.0879976,1,"{""leisure"": ""playground""}"
camden_playgrounds_osm,Overpass API / OpenStreetMap,mapped playground locations in the London Borough of Camden,Camden,way,362331865,,,,,,39.9218108,-75.122149,1,"{""leisure"": ""playground""}"
camden_playgrounds_osm,Overpass API / OpenStreetMap,mapped playground locations in the London Borough of Camden,Camden,way,362332784,,,,,,39.9188058,-75.1142806,2,"{""leisure"": ""playground"", ""sport"": ""basketball""}"
camden_playgrounds_osm,Overpass API / OpenStreetMap,mapped playground locations in the London Borough of Camden,Camden,way,362455430,,,,,,39.9241648,-75.113649,1,"{""leisure"": ""playground""}"
camden_playgrounds_osm,Overpass API / OpenStreetMap,mapped playground locations in the London Borough of Camden,Camden,way,362668765,,,,,,39.947148,-75.120395,1,"{""leisure"": ""playground""}"
camden_playgrounds_osm,Overpass API / OpenStreetMap,mapped playground locations in the London Borough of Camden,Camden,way,362816200,,,,,,39.935873,-75.1198741,1,"{""leisure"": ""playground""}"
camden_playgrounds_osm,Overpass API / OpenStreetMap,mapped playground locations in the London Borough of Camden,Camden,way,362817065,,,,,,39.9356452,-75.1189289,1,"{""leisure"": ""playground""}"
camden_playgrounds_osm,Overpass API / OpenStreetMap,mapped playground locations in the London Borough of Camden,Camden,way,362873294,,,,,,39.9412949,-75.1096503,1,"{""leisure"": ""playground""}"
camden_playgrounds_osm,Overpass API / OpenStreetMap,mapped playground locations in the London Borough of Camden,Camden,way,362874667,,,,,,39.9410494,-75.1098827,1,"{""leisure"": ""playground""}"
camden_playgrounds_osm,Overpass API / OpenStreetMap,mapped playground locations in the London Borough of Camden,Camden,way,363856173,,,,,,39.9486982,-75.0783684,1,"{""leisure"": ""playground""}"
camden_playgrounds_osm,Overpass API / OpenStreetMap,mapped playground locations in the London Borough of Camden,Camden,way,363860067,,,,,,39.9283575,-75.1086796,1,"{""leisure"": ""playground""}"
camden_playgrounds_osm,Overpass API / OpenStreetMap,mapped playground locations in the London Borough of Camden,Camden,way,363955436,,,,,,39.9351863,-75.1146908,1,"{""leisure"": ""playground""}"
camden_playgrounds_osm,Overpass API / OpenStreetMap,mapped playground locations in the London Borough of Camden,Camden,way,363963823,,,,,,39.9332896,-75.1050916,1,"{""leisure"": ""playground""}"
camden_playgrounds_osm,Overpass API / OpenStreetMap,mapped playground locations in the London Borough of Camden,Camden,way,363987451,,,,,,39.9604863,-75.0825373,2,"{""barrier"": ""fence"", ""leisure"": ""playground""}"
camden_playgrounds_osm,Overpass API / OpenStreetMap,mapped playground locations in the London Borough of Camden,Camden,way,363994160,,,,,,39.9584572,-75.0887934,1,"{""leisure"": ""playground""}"
camden_playgrounds_osm,Overpass API / OpenStreetMap,mapped playground locations in the London Borough of Camden,Camden,way,364013505,,,,,,39.9539177,-75.0922547,1,"{""leisure"": ""playground""}"
camden_playgrounds_osm,Overpass API / OpenStreetMap,mapped playground locations in the London Borough of Camden,Camden,way,364013628,,,,,,39.953665,-75.0921024,1,"{""leisure"": ""playground""}"
camden_playgrounds_osm,Overpass API / OpenStreetMap,mapped playground locations in the London Borough of Camden,Camden,way,364016183,,,,,,39.9528932,-75.0937267,1,"{""leisure"": ""playground""}"
camden_playgrounds_osm,Overpass API / OpenStreetMap,mapped playground locations in the London Borough of Camden,Camden,way,364016184,,,,,,39.9530623,-75.0940278,1,"{""leisure"": ""playground""}"
camden_playgrounds_osm,Overpass API / OpenStreetMap,mapped playground locations in the London Borough of Camden,Camden,way,364761941,,,,,,39.9406578,-75.1258055,2,"{""leisure"": ""playground"", ""sport"": ""basketball""}"
camden_playgrounds_osm,Overpass API / OpenStreetMap,mapped playground locations in the London Borough of Camden,Camden,way,364761942,,,,,,39.9419205,-75.125594,2,"{""leisure"": ""playground"", ""sport"": ""basketball""}"
camden_playgrounds_osm,Overpass API / OpenStreetMap,mapped playground locations in the London Borough of Camden,Camden,way,364761944,,,,,,39.9412959,-75.1257117,2,"{""leisure"": ""playground"", ""sport"": ""basketball""}"
camden_playgrounds_osm,Overpass API / OpenStreetMap,mapped playground locations in the London Borough of Camden,Camden,way,364762145,,,,,,39.9400244,-75.1258943,2,"{""leisure"": ""playground"", ""sport"": ""basketball""}"
camden_playgrounds_osm,Overpass API / OpenStreetMap,mapped playground locations in the London Borough of Camden,Camden,way,364764004,,,,,,39.9393337,-75.1232666,1,"{""leisure"": ""playground""}"
camden_playgrounds_osm,Overpass API / OpenStreetMap,mapped playground locations in the London Borough of Camden,Camden,way,365005211,,,,,,39.9331409,-75.1210928,1,"{""leisure"": ""playground""}"
camden_playgrounds_osm,Overpass API / OpenStreetMap,mapped playground locations in the London Borough of Camden,Camden,way,365025011,,,,,,39.9238681,-75.1121823,1,"{""leisure"": ""playground""}"
camden_playgrounds_osm,Overpass API / OpenStreetMap,mapped playground locations in the London Borough of Camden,Camden,way,365031371,,,,,,39.9206472,-75.1070911,1,"{""leisure"": ""playground""}"
camden_playgrounds_osm,Overpass API / OpenStreetMap,mapped playground locations in the London Borough of Camden,Camden,way,365034123,,,,,,39.9205706,-75.111992,1,"{""leisure"": ""playground""}"
camden_playgrounds_osm,Overpass API / OpenStreetMap,mapped playground locations in the London Borough of Camden,Camden,way,365105470,,,,,,39.9160198,-75.1145829,1,"{""leisure"": ""playground""}"
camden_playgrounds_osm,Overpass API / OpenStreetMap,mapped playground locations in the London Borough of Camden,Camden,way,365107671,,,,,,39.9150382,-75.1121321,1,"{""leisure"": ""playground""}"
camden_playgrounds_osm,Overpass API / OpenStreetMap,mapped playground locations in the London Borough of Camden,Camden,way,365111352,,,,,,39.9104596,-75.1132941,1,"{""leisure"": ""playground""}"
camden_playgrounds_osm,Overpass API / OpenStreetMap,mapped playground locations in the London Borough of Camden,Camden,way,365156529,,,,,,39.9525278,-75.1116283,1,"{""leisure"": ""playground""}"
camden_playgrounds_osm,Overpass API / OpenStreetMap,mapped playground locations in the London Borough of Camden,Camden,way,365159041,,,,,,39.9478948,-75.1135667,1,"{""leisure"": ""playground""}"
camden_playgrounds_osm,Overpass API / OpenStreetMap,mapped playground locations in the London Borough of Camden,Camden,way,365167915,,,,,,39.9525638,-75.1207457,1,"{""leisure"": ""playground""}"
camden_playgrounds_osm,Overpass API / OpenStreetMap,mapped playground locations in the London Borough of Camden,Camden,way,365363218,,,,,,39.9491157,-75.1084949,1,"{""leisure"": ""playground""}"
camden_playgrounds_osm,Overpass API / OpenStreetMap,mapped playground locations in the London Borough of Camden,Camden,way,365387700,,,,,,39.9486553,-75.1038028,1,"{""leisure"": ""playground""}"
camden_playgrounds_osm,Overpass API / OpenStreetMap,mapped playground locations in the London Borough of Camden,Camden,way,365387701,,,,,,39.9488904,-75.1036373,2,"{""barrier"": ""fence"", ""leisure"": ""playground""}"
camden_playgrounds_osm,Overpass API / OpenStreetMap,mapped playground locations in the London Borough of Camden,Camden,way,365980810,,,,,,39.9374005,-75.1011697,1,"{""leisure"": ""playground""}"
camden_playgrounds_osm,Overpass API / OpenStreetMap,mapped playground locations in the London Borough of Camden,Camden,way,365981003,,,,,,39.9374507,-75.1003172,1,"{""leisure"": ""playground""}"
camden_playgrounds_osm,Overpass API / OpenStreetMap,mapped playground locations in the London Borough of Camden,Camden,way,365981204,,,,,,39.9377659,-75.0989788,1,"{""leisure"": ""playground""}"
camden_playgrounds_osm,Overpass API / OpenStreetMap,mapped playground locations in the London Borough of Camden,Camden,way,392526246,,,,,,39.9489475,-75.0801671,1,"{""leisure"": ""playground""}"
camden_playgrounds_osm,Overpass API / OpenStreetMap,mapped playground locations in the London Borough of Camden,Camden,way,406177700,,,,,,34.2560659,-80.6028294,1,"{""leisure"": ""playground""}"
camden_playgrounds_osm,Overpass API / OpenStreetMap,mapped playground locations in the London Borough of Camden,Camden,way,540063362,,,,,splash_pad,39.9390151,-75.1233197,3,"{""leisure"": ""playground"", ""natural"": ""water"", ""playground"": ""splash_pad""}"
camden_playgrounds_osm,Overpass API / OpenStreetMap,mapped playground locations in the London Borough of Camden,Camden,way,540065267,,,,,splash_pad,39.9499502,-75.0878151,3,"{""leisure"": ""playground"", ""natural"": ""water"", ""playground"": ""splash_pad""}"
camden_playgrounds_osm,Overpass API / OpenStreetMap,mapped playground locations in the London Borough of Camden,Camden,way,540068152,,,,,,39.9431021,-75.0807677,1,"{""leisure"": ""playground""}"
camden_playgrounds_osm,Overpass API / OpenStreetMap,mapped playground locations in the London Borough of Camden,Camden,way,563061505,,,,,,39.9542223,-75.1029711,1,"{""leisure"": ""playground""}"
camden_playgrounds_osm,Overpass API / OpenStreetMap,mapped playground locations in the London Borough of Camden,Camden,way,565142666,Chellaston Street Playground,,,,,-34.060508,150.7010041,2,"{""leisure"": ""playground"", ""name"": ""Chellaston Street Playground""}"
camden_playgrounds_osm,Overpass API / OpenStreetMap,mapped playground locations in the London Borough of Camden,Camden,way,576393378,,,,,,39.9540868,-75.1288335,2,"{""barrier"": ""fence"", ""leisure"": ""playground""}"
camden_playgrounds_osm,Overpass API / OpenStreetMap,mapped playground locations in the London Borough of Camden,Camden,way,592812919,,,,,,39.9392647,-75.1200411,1,"{""leisure"": ""playground""}"
camden_playgrounds_osm,Overpass API / OpenStreetMap,mapped playground locations in the London Borough of Camden,Camden,way,592812946,,,,,,39.9487396,-75.1145806,1,"{""leisure"": ""playground""}"
camden_playgrounds_osm,Overpass API / OpenStreetMap,mapped playground locations in the London Borough of Camden,Camden,way,593200215,,,,,,39.9519343,-75.1210082,1,"{""leisure"": ""playground""}"
camden_playgrounds_osm,Overpass API / OpenStreetMap,mapped playground locations in the London Borough of Camden,Camden,way,594252101,,,,,,39.9161893,-75.1114598,1,"{""leisure"": ""playground""}"
camden_playgrounds_osm,Overpass API / OpenStreetMap,mapped playground locations in the London Borough of Camden,Camden,way,594252102,,,,,,39.9161979,-75.1111726,1,"{""leisure"": ""playground""}"
camden_playgrounds_osm,Overpass API / OpenStreetMap,mapped playground locations in the London Borough of Camden,Camden,way,608398163,,,,,,39.9507639,-75.117065,1,"{""leisure"": ""playground""}"
camden_playgrounds_osm,Overpass API / OpenStreetMap,mapped playground locations in the London Borough of Camden,Camden,way,608398164,,,,,,39.9509815,-75.1173046,1,"{""leisure"": ""playground""}"
camden_playgrounds_osm,Overpass API / OpenStreetMap,mapped playground locations in the London Borough of Camden,Camden,way,608398173,,,,,,39.9502482,-75.1259905,1,"{""leisure"": ""playground""}"
camden_playgrounds_osm,Overpass API / OpenStreetMap,mapped playground locations in the London Borough of Camden,Camden,way,617174519,,,,,,39.9224878,-75.0961324,1,"{""leisure"": ""playground""}"
camden_playgrounds_osm,Overpass API / OpenStreetMap,mapped playground locations in the London Borough of Camden,Camden,way,617174539,,,,,,39.9279249,-75.1045978,1,"{""leisure"": ""playground""}"
camden_playgrounds_osm,Overpass API / OpenStreetMap,mapped playground locations in the London Borough of Camden,Camden,way,646939759,,,,,,34.2465197,-80.6119523,1,"{""leisure"": ""playground""}"
camden_playgrounds_osm,Overpass API / OpenStreetMap,mapped playground locations in the London Borough of Camden,Camden,way,646939760,,,,,,34.2463998,-80.6120268,1,"{""leisure"": ""playground""}"
camden_playgrounds_osm,Overpass API / OpenStreetMap,mapped playground locations in the London Borough of Camden,Camden,way,646939768,,,,,,34.247957,-80.6026102,1,"{""leisure"": ""playground""}"
camden_playgrounds_osm,Overpass API / OpenStreetMap,mapped playground locations in the London Borough of Camden,Camden,way,646939777,,,,,,34.2556753,-80.6138744,1,"{""leisure"": ""playground""}"
camden_playgrounds_osm,Overpass API / OpenStreetMap,mapped playground locations in the London Borough of Camden,Camden,way,649319403,Picadily Castle,,,,,39.1226313,-75.5353734,2,"{""leisure"": ""playground"", ""name"": ""Picadily Castle""}"
camden_playgrounds_osm,Overpass API / OpenStreetMap,mapped playground locations in the London Borough of Camden,Camden,way,655224102,,,,,,42.5541006,-81.9709086,1,"{""leisure"": ""playground""}"
camden_playgrounds_osm,Overpass API / OpenStreetMap,mapped playground locations in the London Borough of Camden,Camden,way,662451374,,,,,,34.2373059,-80.6048663,1,"{""leisure"": ""playground""}"
camden_playgrounds_osm,Overpass API / OpenStreetMap,mapped playground locations in the London Borough of Camden,Camden,way,665369112,Chick-fil-A Playplace,,,,,39.102589,-75.5429576,2,"{""leisure"": ""playground"", ""name"": ""Chick-fil-A Playplace""}"
camden_playgrounds_osm,Overpass API / OpenStreetMap,mapped playground locations in the London Borough of Camden,Camden,way,684425752,,,,,,33.5938497,-92.8186835,1,"{""leisure"": ""playground""}"
camden_playgrounds_osm,Overpass API / OpenStreetMap,mapped playground locations in the London Borough of Camden,Camden,way,684426160,,,,,,33.5724395,-92.8214368,1,"{""leisure"": ""playground""}"
camden_playgrounds_osm,Overpass API / OpenStreetMap,mapped playground locations in the London Borough of Camden,Camden,way,729719588,,,,,,39.1112113,-75.543788,1,"{""leisure"": ""playground""}"
camden_playgrounds_osm,Overpass API / OpenStreetMap,mapped playground locations in the London Borough of Camden,Camden,way,964859508,,,,,,39.9302099,-75.1247885,1,"{""leisure"": ""playground""}"
camden_playgrounds_osm,Overpass API / OpenStreetMap,mapped playground locations in the London Borough of Camden,Camden,way,964859509,,,,,,39.930284,-75.1250983,1,"{""leisure"": ""playground""}"
camden_playgrounds_osm,Overpass API / OpenStreetMap,mapped playground locations in the London Borough of Camden,Camden,way,998487102,,,,,,34.256495,-80.6278879,1,"{""leisure"": ""playground""}"
camden_playgrounds_osm,Overpass API / OpenStreetMap,mapped playground locations in the London Borough of Camden,Camden,way,1009328762,,,,,,39.9518791,-75.105192,3,"{""barrier"": ""fence"", ""leisure"": ""playground"", ""source"": ""Bing""}"
camden_playgrounds_osm,Overpass API / OpenStreetMap,mapped playground locations in the London Borough of Camden,Camden,way,1018838871,,,,,,34.2533675,-80.6063059,1,"{""leisure"": ""playground""}"
camden_playgrounds_osm,Overpass API / OpenStreetMap,mapped playground locations in the London Borough of Camden,Camden,way,1053184935,,,,,,39.9534459,-75.092873,1,"{""leisure"": ""playground""}"
camden_playgrounds_osm,Overpass API / OpenStreetMap,mapped playground locations in the London Borough of Camden,Camden,way,1153598838,,,,,,39.6344457,-84.6427533,1,"{""leisure"": ""playground""}"
camden_playgrounds_osm,Overpass API / OpenStreetMap,mapped playground locations in the London Borough of Camden,Camden,way,1153599390,,,,,,39.6343203,-84.6436373,1,"{""leisure"": ""playground""}"
camden_playgrounds_osm,Overpass API / OpenStreetMap,mapped playground locations in the London Borough of Camden,Camden,way,1185040768,,,,,,41.7546944,-84.7560582,1,"{""leisure"": ""playground""}"
camden_playgrounds_osm,Overpass API / OpenStreetMap,mapped playground locations in the London Borough of Camden,Camden,way,1186241625,,,,,,34.2749422,-80.6040338,1,"{""leisure"": ""playground""}"
camden_playgrounds_osm,Overpass API / OpenStreetMap,mapped playground locations in the London Borough of Camden,Camden,way,1225461525,,,,,,34.2478507,-80.6231302,1,"{""leisure"": ""playground""}"
camden_playgrounds_osm,Overpass API / OpenStreetMap,mapped playground locations in the London Borough of Camden,Camden,way,1266218664,,,,,,39.9229869,-75.0968071,1,"{""leisure"": ""playground""}"
camden_playgrounds_osm,Overpass API / OpenStreetMap,mapped playground locations in the London Borough of Camden,Camden,way,1464439956,,,,,,36.0551308,-88.1189297,1,"{""leisure"": ""playground""}"
camden_playgrounds_osm,Overpass API / OpenStreetMap,mapped playground locations in the London Borough of Camden,Camden,way,1464448602,,,,,,36.0710469,-88.1114661,1,"{""leisure"": ""playground""}"
camden_playgrounds_osm,Overpass API / OpenStreetMap,mapped playground locations in the London Borough of Camden,Camden,way,1464450080,,,,,,36.0608491,-88.0961367,1,"{""leisure"": ""playground""}"
camden_playgrounds_osm,Overpass API / OpenStreetMap,mapped playground locations in the London Borough of Camden,Camden,way,1478666256,,,,,,33.581613,-92.8281192,1,"{""leisure"": ""playground""}"
islington_playgrounds_osm,Overpass API / OpenStreetMap,mapped playground locations in the London Borough of Islington,Islington,node,2669521376,,,,,,-32.9124937,151.7479001,1,"{""leisure"": ""playground""}"
islington_playgrounds_osm,Overpass API / OpenStreetMap,mapped playground locations in the London Borough of Islington,Islington,way,130800578,,,,,,43.647302,-79.5215886,1,"{""leisure"": ""playground""}"
islington_playgrounds_osm,Overpass API / OpenStreetMap,mapped playground locations in the London Borough of Islington,Islington,way,130800579,,,,,,43.6472172,-79.5215343,1,"{""leisure"": ""playground""}"
islington_playgrounds_osm,Overpass API / OpenStreetMap,mapped playground locations in the London Borough of Islington,Islington,way,130800580,,,,,,43.6472178,-79.5216587,1,"{""leisure"": ""playground""}"
islington_playgrounds_osm,Overpass API / OpenStreetMap,mapped playground locations in the London Borough of Islington,Islington,way,130800581,,,,,,43.6473214,-79.521705,1,"{""leisure"": ""playground""}"
islington_playgrounds_osm,Overpass API / OpenStreetMap,mapped playground locations in the London Borough of Islington,Islington,way,130800582,,,,,,43.6473732,-79.5214981,1,"{""leisure"": ""playground""}"
islington_playgrounds_osm,Overpass API / OpenStreetMap,mapped playground locations in the London Borough of Islington,Islington,way,130800583,,,,,,43.6471738,-79.5214468,1,"{""leisure"": ""playground""}"
islington_playgrounds_osm,Overpass API / OpenStreetMap,mapped playground locations in the London Borough of Islington,Islington,way,130800584,,,,,,43.6471634,-79.5217158,1,"{""leisure"": ""playground""}"
islington_playgrounds_osm,Overpass API / OpenStreetMap,mapped playground locations in the London Borough of Islington,Islington,way,130800585,,,,,,43.6473596,-79.5218582,1,"{""leisure"": ""playground""}"
islington_playgrounds_osm,Overpass API / OpenStreetMap,mapped playground locations in the London Borough of Islington,Islington,way,130805202,,,,,,43.6508282,-79.5523584,2,"{""leisure"": ""playground"", ""source"": ""Bing""}"
islington_playgrounds_osm,Overpass API / OpenStreetMap,mapped playground locations in the London Borough of Islington,Islington,way,170053041,,,,,,43.6384136,-79.5450217,2,"{""leisure"": ""playground"", ""source"": ""Bing""}"
islington_playgrounds_osm,Overpass API / OpenStreetMap,mapped playground locations in the London Borough of Islington,Islington,way,216296814,,yes,,,,43.6544534,-79.5647345,3,"{""access"": ""yes"", ""leisure"": ""playground"", ""source"": ""Bing""}"
islington_playgrounds_osm,Overpass API / OpenStreetMap,mapped playground locations in the London Borough of Islington,Islington,way,224816819,,yes,,,,43.6499225,-79.5612783,2,"{""access"": ""yes"", ""leisure"": ""playground""}"
islington_playgrounds_osm,Overpass API / OpenStreetMap,mapped playground locations in the London Borough of Islington,Islington,way,224816820,,yes,,,,43.6498101,-79.5609898,2,"{""access"": ""yes"", ""leisure"": ""playground""}"
islington_playgrounds_osm,Overpass API / OpenStreetMap,mapped playground locations in the London Borough of Islington,Islington,way,291963191,,,,,,43.6442155,-79.5470823,1,"{""leisure"": ""playground""}"
islington_playgrounds_osm,Overpass API / OpenStreetMap,mapped playground locations in the London Borough of Islington,Islington,way,291963193,,,,,,43.644589,-79.5457227,1,"{""leisure"": ""playground""}"
islington_playgrounds_osm,Overpass API / OpenStreetMap,mapped playground locations in the London Borough of Islington,Islington,way,291963241,,private,,,,43.6453024,-79.5470726,2,"{""access"": ""private"", ""leisure"": ""playground""}"
islington_playgrounds_osm,Overpass API / OpenStreetMap,mapped playground locations in the London Borough of Islington,Islington,way,299598843,,private,,,,43.6428844,-79.5597073,2,"{""access"": ""private"", ""leisure"": ""playground""}"
islington_playgrounds_osm,Overpass API / OpenStreetMap,mapped playground locations in the London Borough of Islington,Islington,way,299598844,,private,,,,43.6422263,-79.5597972,2,"{""access"": ""private"", ""leisure"": ""playground""}"
islington_playgrounds_osm,Overpass API / OpenStreetMap,mapped playground locations in the London Borough of Islington,Islington,way,304593027,,private,,,,43.650736,-79.563924,2,"{""access"": ""private"", ""leisure"": ""playground""}"
islington_playgrounds_osm,Overpass API / OpenStreetMap,mapped playground locations in the London Borough of Islington,Islington,way,359213469,,private,,,,43.6525872,-79.5651206,2,"{""access"": ""private"", ""leisure"": ""playground""}"
islington_playgrounds_osm,Overpass API / OpenStreetMap,mapped playground locations in the London Borough of Islington,Islington,way,391772861,,,,,,43.6409498,-79.5507902,1,"{""leisure"": ""playground""}"
islington_playgrounds_osm,Overpass API / OpenStreetMap,mapped playground locations in the London Borough of Islington,Islington,way,682708671,,,,,,43.6340118,-79.5448823,1,"{""leisure"": ""playground""}"
islington_playgrounds_osm,Overpass API / OpenStreetMap,mapped playground locations in the London Borough of Islington,Islington,way,683720226,,,,,,43.6462882,-79.5568805,1,"{""leisure"": ""playground""}"
islington_playgrounds_osm,Overpass API / OpenStreetMap,mapped playground locations in the London Borough of Islington,Islington,way,683720228,,,,,,43.6461274,-79.5568413,1,"{""leisure"": ""playground""}"
islington_playgrounds_osm,Overpass API / OpenStreetMap,mapped playground locations in the London Borough of Islington,Islington,way,683720229,,,,,,43.6460255,-79.5566985,1,"{""leisure"": ""playground""}"
islington_playgrounds_osm,Overpass API / OpenStreetMap,mapped playground locations in the London Borough of Islington,Islington,way,683730459,,,,,,43.6506939,-79.5524566,1,"{""leisure"": ""playground""}"
islington_playgrounds_osm,Overpass API / OpenStreetMap,mapped playground locations in the London Borough of Islington,Islington,way,683730461,,,,,spash_pad,43.6510784,-79.5524613,2,"{""leisure"": ""playground"", ""playground"": ""spash_pad""}"
islington_playgrounds_osm,Overpass API / OpenStreetMap,mapped playground locations in the London Borough of Islington,Islington,way,685512880,,yes,,woodchips,,43.6420938,-79.5570861,3,"{""access"": ""yes"", ""leisure"": ""playground"", ""surface"": ""woodchips""}"
islington_playgrounds_osm,Overpass API / OpenStreetMap,mapped playground locations in the London Borough of Islington,Islington,way,685708227,,yes,,,,43.642189,-79.5572966,3,"{""access"": ""yes"", ""leisure"": ""playground"", ""playground:sandpit"": ""yes""}"
islington_playgrounds_osm,Overpass API / OpenStreetMap,mapped playground locations in the London Borough of Islington,Islington,way,685748430,,,,,,43.6408735,-79.5509986,1,"{""leisure"": ""playground""}"
islington_playgrounds_osm,Overpass API / OpenStreetMap,mapped playground locations in the London Borough of Islington,Islington,way,747137692,,private,,,,43.6406947,-79.5593124,2,"{""access"": ""private"", ""leisure"": ""playground""}"
islington_playgrounds_osm,Overpass API / OpenStreetMap,mapped playground locations in the London Borough of Islington,Islington,way,959568967,,,,,,43.6451919,-79.5453806,1,"{""leisure"": ""playground""}"
islington_playgrounds_osm,Overpass API / OpenStreetMap,mapped playground locations in the London Borough of Islington,Islington,way,971159079,,private,,,,43.6501752,-79.5444837,2,"{""access"": ""private"", ""leisure"": ""playground""}"
islington_playgrounds_osm,Overpass API / OpenStreetMap,mapped playground locations in the London Borough of Islington,Islington,way,1017532224,,,,,,-43.5389476,172.5159101,1,"{""leisure"": ""playground""}"
islington_playgrounds_osm,Overpass API / OpenStreetMap,mapped playground locations in the London Borough of Islington,Islington,way,1466362607,,,,,,-43.5380077,172.5071887,1,"{""leisure"": ""playground""}"
islington_playgrounds_osm,Overpass API / OpenStreetMap,mapped playground locations in the London Borough of Islington,Islington,relation,9515722,,yes,,,splash_pad,43.641985,-79.5572511,4,"{""access"": ""yes"", ""leisure"": ""playground"", ""playground"": ""splash_pad"", ""type"": ""multipolygon""}"
