id,name,taxonomy,family,object_type,width_m,depth_m,height_m,loc_x,loc_y,loc_z,rot_z_rad,brightness,alpha_coverage_ratio,primitive,analysis_image
edge_condition_09926,Edge Condition #1,edge_condition,threshold wall,wall_panel,2.68,1.2,1.72,0.0,0.0,0.86,-0.0524,136.30755433384775,0.8786607831790123,ribbed_wall,output/final_results/edge_condition_09926_D_analysis.jpg
edge_condition_09912,Edge Condition #2,edge_condition,threshold wall,wall_panel,2.68,1.2,1.72,3.58,0.0,0.86,0.0524,136.49502748842593,0.8753655478395062,ribbed_wall,output/final_results/edge_condition_09912_D_analysis.jpg
edge_condition_09870,Edge Condition #3,edge_condition,threshold wall,wall_panel,2.68,1.2,1.72,7.16,0.0,0.86,0.1571,135.47250241126542,0.8605203510802469,ribbed_wall,output/final_results/edge_condition_09870_D_analysis.jpg
edge_condition_09856,Edge Condition #4,edge_condition,threshold wall,wall_panel,1.84,1.2,1.72,10.74,0.0,0.86,-0.1571,135.28672511163646,0.7902313407632556,ribbed_wall,output/final_results/edge_condition_09856_D_analysis.jpg
edge_condition_09240,Edge Condition #5,edge_condition,threshold wall,wall_panel,1.8,1.2,1.72,13.48,0.0,0.86,-0.0524,51.89335081986011,0.7105449489737415,ribbed_wall,output/final_results/edge_condition_09240_D_analysis.jpg
edge_condition_09282,Edge Condition #6,edge_condition,threshold wall,wall_panel,1.78,1.2,1.72,16.18,0.0,0.86,0.0524,50.20105523168692,0.6909879926912034,ribbed_wall,output/final_results/edge_condition_09282_D_analysis.jpg
edge_condition_09226,Edge Condition #7,edge_condition,threshold wall,wall_panel,1.78,1.2,1.7,0.0,4.8,0.85,0.1571,48.404901526559776,0.6904626922963356,ribbed_wall,output/final_results/edge_condition_09226_D_analysis.jpg
edge_condition_09324,Edge Condition #8,edge_condition,threshold wall,wall_panel,1.78,1.2,1.72,2.68,4.8,0.86,-0.1571,50.43290761513908,0.6728127678978568,ribbed_wall,output/final_results/edge_condition_09324_D_analysis.jpg
playable_surface_10934,Playable Surface #1,playable_surface,ground field,ground_tile,1.6,1.2,1.2,5.36,4.8,0.6,-0.0524,55.491221585867734,0.5994730577907084,marker_field,output/final_results/playable_surface_10934_D_analysis.jpg
playable_surface_11144,Playable Surface #2,playable_surface,ground field,ground_tile,1.6,1.05,1.2,7.86,4.8,0.6,0.0524,70.781074241433,0.4729525157089171,marker_field,output/final_results/playable_surface_11144_D_analysis.jpg
playable_surface_10864,Playable Surface #3,playable_surface,ground field,ground_tile,1.6,1.0,1.21,10.36,4.8,0.605,0.1571,76.64627464904986,0.4474688295224835,marker_field,output/final_results/playable_surface_10864_D_analysis.jpg
playable_surface_11102,Playable Surface #4,playable_surface,ground field,ground_tile,1.6,0.97,1.2,12.86,4.8,0.6,-0.1571,67.63146470019933,0.4318844700443923,marker_field,output/final_results/playable_surface_11102_D_analysis.jpg
playable_surface_11074,Playable Surface #5,playable_surface,ground field,ground_tile,1.6,0.97,1.2,0.0,9.6,0.6,-0.0524,64.89729602935552,0.4281725114744693,marker_field,output/final_results/playable_surface_11074_D_analysis.jpg
playable_surface_10906,Playable Surface #6,playable_surface,ground field,ground_tile,1.6,0.94,1.2,2.5,9.6,0.6,0.0524,71.94494065505965,0.4148775346037558,marker_field,output/final_results/playable_surface_10906_D_analysis.jpg
playable_surface_10430,Playable Surface #7,playable_surface,ground field,ground_tile,1.6,0.93,1.2,5.0,9.6,0.6,0.1571,120.7996506986028,0.4102822925577417,marker_field,output/final_results/playable_surface_10430_D_analysis.jpg
playable_surface_09240,Playable Surface #8,playable_surface,ground field,ground_tile,1.6,0.93,1.2,7.5,9.6,0.6,-0.1571,82.90013908205842,0.4064576869583823,marker_field,output/final_results/playable_surface_09240_D_analysis.jpg
sloped_platform_13594,Sloped Platform #1,sloped_platform,inhabitable slope,stepped_ramp,1.74,1.2,1.35,10.0,9.6,0.675,-0.0524,123.01064438786236,0.5708093294073578,stepped_slope,output/final_results/sloped_platform_13594_D_analysis.jpg
sloped_platform_13608,Sloped Platform #2,sloped_platform,inhabitable slope,stepped_ramp,1.75,1.2,1.37,12.64,9.6,0.685,0.0524,123.61313584356716,0.5679351266411969,stepped_slope,output/final_results/sloped_platform_13608_D_analysis.jpg
sloped_platform_13566,Sloped Platform #3,sloped_platform,inhabitable slope,stepped_ramp,1.76,1.18,1.38,0.0,14.4,0.69,0.1571,114.112473628692,0.5467401052907892,stepped_slope,output/final_results/sloped_platform_13566_D_analysis.jpg
sloped_platform_13580,Sloped Platform #4,sloped_platform,inhabitable slope,stepped_ramp,1.77,1.17,1.39,2.66,14.4,0.695,-0.1571,119.64576686022912,0.5396842173729227,stepped_slope,output/final_results/sloped_platform_13580_D_analysis.jpg
sloped_platform_13510,Sloped Platform #5,sloped_platform,inhabitable slope,stepped_ramp,1.79,1.1,1.59,5.33,14.4,0.795,-0.0524,113.51990063003254,0.5037157975058796,stepped_slope,output/final_results/sloped_platform_13510_D_analysis.jpg
sloped_platform_13524,Sloped Platform #6,sloped_platform,inhabitable slope,stepped_ramp,1.77,1.09,1.59,8.02,14.4,0.795,0.0524,114.15968070043589,0.4980767187839408,stepped_slope,output/final_results/sloped_platform_13524_D_analysis.jpg
sloped_platform_13496,Sloped Platform #7,sloped_platform,inhabitable slope,stepped_ramp,1.81,1.09,1.58,10.69,14.4,0.79,0.1571,113.19069217568833,0.4951244853797057,stepped_slope,output/final_results/sloped_platform_13496_D_analysis.jpg
sloped_platform_13538,Sloped Platform #8,sloped_platform,inhabitable slope,stepped_ramp,1.76,1.08,1.62,13.4,14.4,0.81,-0.1571,114.15709107307818,0.4918233340823409,stepped_slope,output/final_results/sloped_platform_13538_D_analysis.jpg
